margREYE,n,landing,coverage
BDG,9,0,1
BRG,326,0,0.886503067484663
CRS,50,0,1
ERK,323,0,0.953560371517028
MNT,108,0,1
MRO,138,0,0.992753623188406
OSF,29,0,0.96551724137931
HKL,110,0,0.990909090909091
NET,6,0,1
TWL,867,0,0.938869665513264
1978,124,0,0.741935483870968
1979,102,0,0.990196078431373
1980,271,0,0.92619926199262
1981,237,0,0.9957805907173
1982,249,0,1
Q1,162,0,0.888888888888889
Q2,289,0,1
Q3,340,0,0.955882352941177
Q4,192,0,0.890625
