margBLCK,n,landing,coverage
BDG,27,0,0.333333333333333
BRG,12,0,0.5
CRS,3,0,1
ERK,55,0,0.381818181818182
MNT,11,0,0.909090909090909
MRO,1,0,1
OSF,20,0,0.65
TWL,129,0,0.488372093023256
1981,37,0,0.162162162162162
1982,92,0,0.619565217391304
Q1,33,0,0.939393939393939
Q2,13,0,0.153846153846154
Q3,37,0,0.405405405405405
Q4,46,0,0.326086956521739
