margREDS,n,landing,coverage
BDG,12,0,1
BRG,401,4464,0.992518703241895
CRS,60,0,1
ERK,459,103493,0.980392156862745
MNT,163,0,1
MRO,164,0,1
OSF,36,0,1
HKL,124,0,1
NET,14,0,1
TWL,1157,107957,0.989628349178911
1978,124,0,1
1979,102,0,1
1980,271,3996,0.992619926199262
1981,237,468,0.9957805907173
1982,249,4155,0.991967871485944
1983,312,99338,0.977564102564103
Q1,228,1180,0.991228070175439
Q2,390,94552,0.987179487179487
Q3,437,11104,0.993135011441648
Q4,240,1121,0.991666666666667
