margYMTH,n,landing,coverage
BDG,9,0,1
BRG,326,1535,0.99079754601227
CRS,50,0,1
ERK,323,0,0.953560371517028
MNT,108,0,0.935185185185185
MRO,138,0,1
OSF,29,0,0.827586206896552
HKL,110,0,1
NET,6,0,1
TWL,867,1535,0.965397923875433
1978,124,0,0.879032258064516
1979,102,1535,0.970588235294118
1980,271,0,1
1981,237,0,0.978902953586498
1982,249,0,0.971887550200803
Q1,162,0,1
Q2,289,0,0.993079584775087
Q3,340,0,0.920588235294118
Q4,192,1535,0.994791666666667
