mlik,waic,dic,time
-1.961886115149642137112e+04, 3.872819499432235170389e+04, 3.872579049256016151048e+04, 8.106259679794311523438e+01
