margBRNZ,n,landing,coverage
BDG,9,0,1
BRG,326,0,0.843558282208589
CRS,50,0,0.98
ERK,323,0,0.798761609907121
MNT,108,0,0.972222222222222
MRO,138,766,0.920289855072464
OSF,29,0,1
HKL,110,766,0.945454545454545
NET,6,0,0.833333333333333
TWL,867,0,0.856978085351788
1978,124,0,0.75
1979,102,766,0.970588235294118
1980,271,0,0.992619926199262
1981,237,0,0.848101265822785
1982,249,0,0.763052208835341
Q1,162,0,0.944444444444444
Q2,289,0,0.833910034602076
Q3,340,766,0.914705882352941
Q4,192,0,0.765625
