margSHRP,n,landing,coverage
BDG,12,0,1
BRG,401,3698,0.99501246882793
CRS,60,0,1
ERK,459,22372,0.980392156862745
MNT,163,536,0.987730061349693
MRO,164,0,1
OSF,36,0,1
HKL,124,0,1
NET,14,0,1
TWL,1157,26606,0.98876404494382
1978,124,0,1
1979,102,3698,0.980392156862745
1980,271,0,1
1981,237,0,1
1982,249,0,1
1983,312,22908,0.96474358974359
Q1,228,0,1
Q2,390,9977,0.982051282051282
Q3,437,14070,0.988558352402746
Q4,240,2559,0.995833333333333
