margBRNZ,n,landing,coverage
BDG,56,0,1
BRG,457,0,1
CRS,82,0,1
ERK,594,0,1
MNT,344,0,1
MRO,266,766,0.996240601503759
OSF,104,0,1
HKL,138,766,0.992753623188406
NET,47,0,1
TWL,1718,0,1
1978,124,0,1
1979,102,766,0.990196078431373
1980,271,0,1
1981,237,0,1
1982,249,0,1
1983,312,0,1
1984,277,0,1
1985,331,0,1
Q1,339,0,1
Q2,531,0,1
Q3,645,766,0.998449612403101
Q4,388,0,1
