margPNKR,n,landing,coverage
BDG,12,0,1
BRG,401,0,0.99501246882793
CRS,60,0,0.866666666666667
ERK,459,0,1
MNT,163,0,0.938650306748466
MRO,164,0,1
OSF,36,0,1
HKL,124,0,1
NET,14,0,1
TWL,1157,0,0.982713915298185
1978,124,0,1
1979,102,0,0.980392156862745
1980,271,0,1
1981,237,0,0.957805907172996
1982,249,0,0.979919678714859
1983,312,0,0.990384615384615
Q1,228,0,1
Q2,390,0,0.956410256410256
Q3,437,0,0.993135011441648
Q4,240,0,1
