mlik,waic,dic,time
-9.424916817977627943037e+02, 6.241283414248659937584e+02, 4.841994132149459346692e+02, 7.148409938812255859375e+01
