margURCK,n,landing,coverage
BDG,9,0,1
BRG,326,0,0.97239263803681
CRS,50,44,0.98
ERK,323,0,0.938080495356037
MNT,108,0,0.722222222222222
MRO,138,0,0.971014492753623
OSF,29,0,1
HKL,110,0,1
NET,6,0,1
TWL,867,44,0.926182237600923
1978,124,0,1
1979,102,0,1
1980,271,44,0.996309963099631
1981,237,0,0.860759493670886
1982,249,0,0.879518072289157
Q1,162,0,0.722222222222222
Q2,289,0,1
Q3,340,44,0.970588235294118
Q4,192,0,0.953125
