mlik,waic,dic,time
-2.821886741772685127216e+04, 5.591592822553448058898e+04, 5.591295194872694264632e+04, 3.238870558738708496094e+02
