margGRAS,n,landing,coverage
BDG,9,0,1
BRG,326,0,0.97239263803681
CRS,50,0,0.96
ERK,323,1251,0.95046439628483
MNT,108,0,0.990740740740741
MRO,138,0,0.949275362318841
OSF,29,0,1
HKL,110,0,0.954545454545455
NET,6,0,1
TWL,867,1251,0.965397923875433
1978,124,0,0.862903225806452
1979,102,0,0.990196078431373
1980,271,0,1
1981,237,0,0.983122362869198
1982,249,1251,0.947791164658635
Q1,162,0,0.993827160493827
Q2,289,1251,0.986159169550173
Q3,340,0,0.911764705882353
Q4,192,0,1
