margREDS,n,landing,coverage
BDG,9,0,1
BRG,326,4464,0.99079754601227
CRS,50,0,1
ERK,323,4155,0.993808049535604
MNT,108,0,1
MRO,138,0,1
OSF,29,0,1
HKL,110,0,1
NET,6,0,1
TWL,867,8619,0.994232987312572
1978,124,0,1
1979,102,0,1
1980,271,3996,0.992619926199262
1981,237,468,0.9957805907173
1982,249,4155,0.991967871485944
Q1,162,468,0.993827160493827
Q2,289,7030,0.993079584775087
Q3,340,0,1
Q4,192,1121,0.989583333333333
