mlik,waic,dic,time
-4.260902947723531610791e+02, 6.933156945043056111899e+02, 6.605282419980792383285e+02, 4.043398046493530273438e+01
