margYMTH,n,landing,coverage
BDG,9,0,1
BRG,326,1535,0.907975460122699
CRS,50,0,0.98
ERK,323,0,0.993808049535604
MNT,108,0,1
MRO,138,0,0.956521739130435
OSF,29,0,0.96551724137931
HKL,110,0,0.945454545454545
NET,6,0,1
TWL,867,1535,0.96078431372549
1978,124,0,0.766129032258065
1979,102,1535,0.901960784313726
1980,271,0,0.996309963099631
1981,237,0,1
1982,249,0,1
Q1,162,0,0.975308641975309
Q2,289,0,0.996539792387543
Q3,340,0,0.917647058823529
Q4,192,1535,0.963541666666667
