margPOP,n,landing,coverage
BDG,9,0,1
BRG,326,7614,0.969325153374233
CRS,50,4556,0.98
ERK,323,326592,0.987616099071207
MNT,108,0,1
MRO,138,0,1
OSF,29,0,1
HKL,110,0,1
NET,6,0,1
TWL,867,338762,0.982698961937716
1978,124,1334,0.991935483870968
1979,102,61613,0.990196078431373
1980,271,13486,0.970479704797048
1981,237,1233,0.9957805907173
1982,249,261096,0.983935742971888
Q1,162,61776,0.987654320987654
Q2,289,10445,0.972318339100346
Q3,340,255876,0.988235294117647
Q4,192,10665,0.994791666666667
