margSWSP,n,landing,coverage
BDG,9,0,1
BRG,326,0,0.901840490797546
CRS,50,0,0.8
ERK,323,0,1
MNT,108,0,1
MRO,138,0,0.978260869565217
OSF,29,0,0.827586206896552
HKL,110,0,1
NET,6,0,1
TWL,867,0,0.942329873125721
1978,124,0,1
1979,102,0,1
1980,271,0,0.85239852398524
1981,237,0,0.974683544303797
1982,249,0,0.983935742971888
Q1,162,0,0.993827160493827
Q2,289,0,0.86159169550173
Q3,340,0,0.976470588235294
Q4,192,0,0.994791666666667
