margSPKL,n,landing,coverage
BDG,42,0,1
BRG,38,0,1
CRS,17,0,1
ERK,133,0,1
MNT,13,0,0.923076923076923
MRO,6,13438,0.833333333333333
OSF,22,0,1
TWL,271,13438,0.992619926199262
1981,37,0,1
1982,92,13438,0.978260869565217
1983,73,0,1
1984,69,0,1
Q1,73,0,1
Q2,59,0,1
Q3,78,13438,0.987179487179487
Q4,61,0,0.983606557377049
