"marginalSWSP","n","landing","coverage"
"BDG",9,0,0.555555555555556
"BRG",326,0,0.95398773006135
"CRS",50,0,0.82
"ERK",323,0,1
"MNT",108,0,0.972222222222222
"MRO",138,0,0.971014492753623
"OSF",29,0,1
"HKL",110,0,1
"NET",6,0,0.5
"TWL",867,0,0.963091118800461
"1978",124,0,0.862903225806452
"1979",102,0,1
"1980",271,0,0.966789667896679
"1981",237,0,1
"1982",249,0,0.963855421686747
"Q1",162,0,0.975308641975309
"Q2",289,0,0.896193771626298
"Q3",340,0,1
"Q4",192,0,0.994791666666667
