mlik,waic,dic,time
-6.156934327598432901141e+02, 1.101034171315416642756e+03, 1.093135777835255566970e+03, 3.299345016479492187500e+01
