margLCOD,n,landing,coverage
BRG,6,0,1
MNT,88,31899,0.977272727272727
MRO,64,90630,0.953125
OSF,52,0,1
HKL,1,0,1
NET,8,5650,0.875
TWL,201,116879,0.980099502487562
1978,57,31899,0.964912280701754
1980,61,90630,0.950819672131147
1981,42,0,1
1982,50,0,1
Q1,43,2380,1
Q2,73,23340,0.986301369863014
Q3,54,86131,0.925925925925926
Q4,40,10678,1
