margLCOD,n,landing,coverage
BDG,1,0,1
BRG,6,0,1
MNT,92,31899,0.869565217391304
MRO,66,90630,0.939393939393939
OSF,63,0,1
HKL,1,0,1
NET,8,5650,0.625
TWL,219,116879,0.940639269406393
1978,57,31899,0.789473684210526
1980,61,90630,0.934426229508197
1981,42,0,1
1982,50,0,1
1983,18,0,1
Q1,45,2380,0.955555555555556
Q2,79,23340,0.911392405063291
Q3,59,86131,0.898305084745763
Q4,45,10678,0.977777777777778
