mlik,waic,dic,time
-3.676410331685888377251e+04, 7.296605422428049496375e+04, 7.296325357960621477105e+04, 5.031994564533233642578e+02
