margEGLS,n,landing,coverage
BDG,9,0,1
BRG,326,0,0.852760736196319
CRS,50,0,1
ERK,323,0,1
MNT,108,1398,0.981481481481482
MRO,138,0,1
OSF,29,0,0.931034482758621
HKL,110,0,1
NET,6,0,1
TWL,867,1398,0.94002306805075
1978,124,0,1
1979,102,0,0.990196078431373
1980,271,1398,0.922509225092251
1981,237,0,0.928270042194093
1982,249,0,0.947791164658635
Q1,162,0,0.895061728395062
Q2,289,0,1
Q3,340,1398,0.988235294117647
Q4,192,0,0.838541666666667
