"marginalREX","n","landing","coverage"
"BRG",6,0,1
"MNT",88,311,0.795454545454545
"MRO",64,0,1
"OSF",52,0,1
"HKL",1,0,1
"NET",8,0,1
"TWL",201,311,0.91044776119403
"1978",57,311,0.982456140350877
"1980",61,0,1
"1981",42,0,1
"1982",50,0,0.66
"Q1",43,311,0.976744186046512
"Q2",73,0,0.767123287671233
"Q3",54,0,1
"Q4",40,0,1
