margSTAR,n,landing,coverage
BDG,12,0,1
BRG,401,0,1
CRS,60,0,1
ERK,459,0,1
MNT,163,0,1
MRO,164,2890,0.945121951219512
OSF,36,0,1
HKL,124,2559,0.935483870967742
NET,14,0,1
TWL,1157,331,0.999135695764909
1978,124,0,1
1979,102,112,0.990196078431373
1980,271,331,0.996309963099631
1981,237,1766,0.978902953586498
1982,249,681,0.991967871485944
1983,312,0,1
Q1,228,681,0.991228070175439
Q2,390,147,0.997435897435897
Q3,437,599,0.995423340961098
Q4,240,1463,0.983333333333333
