margURCK,n,landing,coverage
BDG,31,0,1
BRG,420,457,0.995238095238095
CRS,73,44,0.986301369863014
ERK,533,1467,0.971857410881801
MNT,249,0,1
MRO,201,0,1
OSF,65,0,1
HKL,128,0,1
NET,24,0,1
TWL,1420,1968,0.987323943661972
1978,124,0,1
1979,102,0,1
1980,271,44,0.996309963099631
1981,237,0,1
1982,249,0,1
1983,312,1924,0.94551282051282
1984,277,0,1
Q1,277,0,1
Q2,441,1173,0.972789115646258
Q3,534,768,0.99063670411985
Q4,320,27,0.996875
