margBLUR,n,landing,coverage
BDG,4,0,1
BRG,6,0,1
MNT,95,0,0.831578947368421
MRO,66,0,1
OSF,63,0,0.984126984126984
HKL,1,0,1
NET,8,0,0.5
TWL,225,0,0.942222222222222
1978,57,0,0.719298245614035
1980,61,0,1
1981,42,0,0.976190476190476
1982,50,0,1
1983,18,0,1
1984,6,0,1
Q1,51,0,1
Q2,79,0,0.936708860759494
Q3,59,0,0.813559322033898
Q4,45,0,0.977777777777778
