margGBLC,n,landing,coverage
BDG,9,0,1
BRG,326,0,0.846625766871166
CRS,50,0,0.92
ERK,323,0,0.891640866873065
MNT,108,0,1
MRO,138,37006,0.927536231884058
OSF,29,0,0.931034482758621
HKL,110,37006,0.890909090909091
NET,6,0,1
TWL,867,0,0.897347174163783
1978,124,0,0.75
1979,102,372,0.950980392156863
1980,271,1328,0.992619926199262
1981,237,0,0.755274261603376
1982,249,35306,0.979919678714859
Q1,162,5688,0.975308641975309
Q2,289,58,0.799307958477509
Q3,340,30556,0.9
Q4,192,704,0.973958333333333
