mlik,waic,dic,time
-7.927802402478298517963e+02, 1.051446999484205889530e+03, 1.056326991966250943733e+03, 1.274851558208465576172e+02
