"species","mad"
"BLCK",0.000184550916729854
"DBRK",0.000184550916729854
"POP",0.000184550916729854
"CNRY",0.000184711536312002
"GSRK",0.00018937842356276
"CLPR",0.000210428660227256
"SPKL",0.000223244515640466
"YTRK",0.000350529991983299
"BCAC",0.000628209903341858
"WDOW",0.00284186246052169
