"species","mad"
"GSRK",0.00117470208924125
"CLPR",0.00117816076897346
"CNRY",0.00118281694081927
"SPKL",0.00118289725770529
"DBRK",0.00118391664827452
"POP",0.00118391664827452
"BLCK",0.00120493063986893
"BCAC",0.00248933241908185
"WDOW",0.00250566717820867
"YTRK",0.00250786280846896
