margYMTH,n,landing,coverage
BDG,9,0,1
BRG,326,1535,0.996932515337423
CRS,50,0,1
ERK,323,0,0.993808049535604
MNT,108,0,0.935185185185185
MRO,138,0,1
OSF,29,0,0.96551724137931
HKL,110,0,0.981818181818182
NET,6,0,1
TWL,867,1535,0.98961937716263
1978,124,0,1
1979,102,1535,0.980392156862745
1980,271,0,1
1981,237,0,1
1982,249,0,0.963855421686747
Q1,162,0,0.993827160493827
Q2,289,0,1
Q3,340,0,0.973529411764706
Q4,192,1535,0.994791666666667
