mlik,waic,dic,time
-2.910080842382997798268e+04, 4.442648251790591893950e+04, 4.444948516611265949905e+04, 1.026084783077239990234e+03
