mlik,waic,dic,time
-1.959711554173731201445e+04, 3.871802688947894785088e+04, 3.871574802630854537711e+04, 6.511792325973510742188e+01
