species,mad
BCAC,3.93169118648289e-05
DBRK,4.38420756869242e-05
CLPR,4.59060566064434e-05
POP,4.59163918501455e-05
SNOS,4.62990571586679e-05
CNRY,4.67840342488578e-05
YTRK,4.80493265211825e-05
WDOW,4.9664918250339e-05
BANK,5.04011561638526e-05
CWCD,5.25549811775332e-05
BLGL,5.42924698616135e-05
BRNZ,0.000101601311659665
MXRF,0.000107889910275365
