"marginalSHRP","n","landing","coverage"
"BDG",9,0,1
"BRG",326,3698,0.993865030674847
"CRS",50,0,1
"ERK",323,0,0.993808049535604
"MNT",108,0,1
"MRO",138,0,1
"OSF",29,0,0.96551724137931
"HKL",110,0,1
"NET",6,0,1
"TWL",867,3698,0.994232987312572
"1978",124,0,1
"1979",102,3698,0.970588235294118
"1980",271,0,0.992619926199262
"1981",237,0,1
"1982",249,0,1
"Q1",162,0,0.981481481481482
"Q2",289,0,1
"Q3",340,1139,0.997058823529412
"Q4",192,2559,0.994791666666667
