"marginalBCAC","n","landing","coverage"
"BDG",27,0,1
"BRG",12,0,1
"CRS",3,0,1
"ERK",55,11744,0.909090909090909
"MNT",11,4825,0.909090909090909
"MRO",1,0,0
"OSF",20,0,1
"TWL",129,16569,0.945736434108527
"1981",37,63,0.945945945945946
"1982",92,16506,0.945652173913043
"Q1",33,11681,0.939393939393939
"Q2",13,0,1
"Q3",37,63,0.891891891891892
"Q4",46,4825,0.978260869565217
