margURCK,n,landing,coverage
BDG,9,0,1
BRG,326,0,0.938650306748466
CRS,50,44,0.98
ERK,323,0,1
MNT,108,0,0.916666666666667
MRO,138,0,0.985507246376812
OSF,29,0,0.96551724137931
HKL,110,0,1
NET,6,0,1
TWL,867,44,0.961937716262976
1978,124,0,0.991935483870968
1979,102,0,1
1980,271,44,0.922509225092251
1981,237,0,0.991561181434599
1982,249,0,0.963855421686747
Q1,162,0,0.981481481481482
Q2,289,0,1
Q3,340,44,0.997058823529412
Q4,192,0,0.848958333333333
