"marginalCLPR","n","landing","coverage"
"BRG",6,317971,1
"MNT",88,2036206,0.965909090909091
"MRO",64,1562999,0.90625
"OSF",52,2265596,0.942307692307692
"HKL",1,0,1
"NET",8,0,1
"TWL",201,6182772,0.940298507462687
"1978",57,856923,0.982456140350877
"1980",61,2760555,0.901639344262295
"1981",42,1498391,0.952380952380952
"1982",50,1066903,0.94
"Q1",43,1297371,0.930232558139535
"Q2",73,1890665,0.972602739726027
"Q3",54,1617800,0.944444444444444
"Q4",40,1376936,0.9
