margBLUR,n,landing,coverage
BDG,9,0,1
BRG,326,0,0.478527607361963
CRS,50,0,0.98
ERK,323,0,0.993808049535604
MNT,108,0,0.981481481481482
MRO,138,0,0.956521739130435
OSF,29,0,1
HKL,110,0,0.918181818181818
NET,6,0,0.833333333333333
TWL,867,0,0.802768166089965
1978,124,0,1
1979,102,0,0.715686274509804
1980,271,0,0.715867158671587
1981,237,0,0.831223628691983
1982,249,0,0.859437751004016
Q1,162,0,0.944444444444444
Q2,289,0,0.837370242214533
Q3,340,0,0.764705882352941
Q4,192,0,0.765625
