mlik,waic,dic,time
-3.618024670447322932887e+03, 6.928220092970651421638e+03, 6.922960806257192416524e+03, 1.469091567993164062500e+02
