species,mad
CLPR,0.00016763788115335
WDOW,0.000182106778650199
BCAC,0.000194710132362475
BANK,0.000205934377524627
CNRY,0.000206603864425376
SNOS,0.000218161413739907
BLGL,0.00022496485064471
YTRK,0.000231368751509295
CWCD,0.000248983882891661
DBRK,0.000420260763786159
