margBCAC,n,landing,coverage
BDG,52,0,1
BRG,51,0,1
CRS,22,0,1
ERK,165,20571,0.939393939393939
MNT,21,4825,0.952380952380952
MRO,6,630,0.833333333333333
OSF,29,1030,0.96551724137931
NET,9,0,1
TWL,337,27056,0.961424332344214
1981,37,63,0.945945945945946
1982,92,16506,0.956521739130435
1983,73,1030,0.986301369863014
1984,69,752,0.942028985507246
1985,75,8705,0.973333333333333
Q1,108,20386,0.972222222222222
Q2,79,630,0.949367088607595
Q3,90,63,0.966666666666667
Q4,69,5977,0.956521739130435
