margLCOD,n,landing,coverage
BDG,9,0,1
BRG,326,26912,0.996932515337423
CRS,50,0,1
ERK,323,0,1
MNT,108,45746,0.953703703703704
MRO,138,142506,0.949275362318841
OSF,29,0,1
HKL,110,9396,1
NET,6,2863,1
TWL,867,202905,0.985005767012687
1978,124,3899,0.991935483870968
1979,102,7166,1
1980,271,177136,0.96309963099631
1981,237,26525,0.991561181434599
1982,249,438,1
Q1,162,4993,0.993827160493827
Q2,289,70244,0.972318339100346
Q3,340,122173,0.988235294117647
Q4,192,17754,1
