margBRNZ,n,landing,coverage
BDG,9,0,1
BRG,326,0,0.99079754601227
CRS,50,0,0.96
ERK,323,0,1
MNT,108,0,0.75
MRO,138,766,0.86231884057971
OSF,29,0,0.862068965517241
HKL,110,766,0.827272727272727
NET,6,0,0.5
TWL,867,0,0.961937716262976
1978,124,0,0.967741935483871
1979,102,766,0.970588235294118
1980,271,0,0.915129151291513
1981,237,0,0.940928270042194
1982,249,0,0.955823293172691
Q1,162,0,0.91358024691358
Q2,289,0,0.916955017301038
Q3,340,766,0.997058823529412
Q4,192,0,0.916666666666667
