mlik,waic,dic,time
-4.503201780440389484284e+03, 8.722288151488681251067e+03, 8.716699230600090231746e+03, 1.059138121604919433594e+02
