margURCK,n,landing,coverage
BDG,9,0,0.222222222222222
BRG,326,0,0.94478527607362
CRS,50,44,0.7
ERK,323,0,0.969040247678019
MNT,108,0,1
MRO,138,0,0.898550724637681
OSF,29,0,0.931034482758621
HKL,110,0,0.872727272727273
NET,6,0,1
TWL,867,44,0.94002306805075
1978,124,0,0.991935483870968
1979,102,0,0.823529411764706
1980,271,44,0.948339483394834
1981,237,0,0.928270042194093
1982,249,0,0.93574297188755
Q1,162,0,0.938271604938272
Q2,289,0,0.982698961937716
Q3,340,44,0.9
Q4,192,0,0.911458333333333
