margSLGR,n,landing,coverage
BDG,9,0,1
BRG,326,0,0.849693251533742
CRS,50,0,1
ERK,323,1894,0.996904024767802
MNT,108,0,0.888888888888889
MRO,138,0,1
OSF,29,0,1
HKL,110,0,1
NET,6,0,1
TWL,867,1894,0.928489042675894
1978,124,0,0.82258064516129
1979,102,1894,0.970588235294118
1980,271,0,1
1981,237,0,0.919831223628692
1982,249,0,0.927710843373494
Q1,162,1894,0.882716049382716
Q2,289,0,0.961937716262976
Q3,340,0,0.973529411764706
Q4,192,0,0.880208333333333
