"marginalREYE","n","landing","coverage"
"BDG",9,0,1
"BRG",326,0,1
"CRS",50,0,1
"ERK",323,0,1
"MNT",108,0,0.916666666666667
"MRO",138,0,0.876811594202899
"OSF",29,0,0.862068965517241
"HKL",110,0,0.836363636363636
"NET",6,0,1
"TWL",867,0,0.986159169550173
"1978",124,0,0.991935483870968
"1979",102,0,1
"1980",271,0,0.985239852398524
"1981",237,0,0.9957805907173
"1982",249,0,0.903614457831325
"Q1",162,0,0.845679012345679
"Q2",289,0,1
"Q3",340,0,0.988235294117647
"Q4",192,0,0.994791666666667
