margGRAS,n,landing,coverage
BDG,9,0,1
BRG,326,0,1
CRS,50,0,1
ERK,323,1251,0.996904024767802
MNT,108,0,1
MRO,138,0,1
OSF,29,0,1
HKL,110,0,1
NET,6,0,1
TWL,867,1251,0.998846597462514
1978,124,0,1
1979,102,0,1
1980,271,0,1
1981,237,0,1
1982,249,1251,0.995983935742972
Q1,162,0,1
Q2,289,1251,0.996539792387543
Q3,340,0,1
Q4,192,0,1
