margFLAG,n,landing,coverage
BDG,9,0,1
BRG,326,0,1
CRS,50,1522,0.98
ERK,323,293,0.996904024767802
MNT,108,0,1
MRO,138,2013,0.992753623188406
OSF,29,0,1
HKL,110,1682,1
NET,6,0,1
TWL,867,2146,0.996539792387543
1978,124,0,1
1979,102,0,1
1980,271,331,0.996309963099631
1981,237,1742,0.9957805907173
1982,249,1755,0.995983935742972
Q1,162,526,0.993827160493827
Q2,289,1522,0.996539792387543
Q3,340,599,0.997058823529412
Q4,192,1181,1
