margSLGR,n,landing,coverage
BDG,9,0,1
BRG,326,0,1
CRS,50,0,1
ERK,323,1894,0.96594427244582
MNT,108,0,0.796296296296296
MRO,138,0,1
OSF,29,0,0.689655172413793
HKL,110,0,1
NET,6,0,1
TWL,867,1894,0.951557093425606
1978,124,0,1
1979,102,1894,0.892156862745098
1980,271,0,0.985239852398524
1981,237,0,0.962025316455696
1982,249,0,0.927710843373494
Q1,162,1894,0.969135802469136
Q2,289,0,0.968858131487889
Q3,340,0,0.944117647058824
Q4,192,0,0.953125
