margREX,n,landing,coverage
BDG,9,0,0.555555555555556
BRG,326,0,1
CRS,50,0,1
ERK,323,0,1
MNT,108,0,1
MRO,138,0,0.91304347826087
OSF,29,3731,0.793103448275862
HKL,110,0,0.909090909090909
NET,6,0,1
TWL,867,3731,0.986159169550173
1978,124,0,1
1979,102,0,0.901960784313726
1980,271,0,1
1981,237,0,0.966244725738397
1982,249,3731,0.983935742971888
Q1,162,0,1
Q2,289,3731,0.961937716262976
Q3,340,0,0.982352941176471
Q4,192,0,0.973958333333333
