"marginalSHRP","n","landing","coverage"
"BDG",9,0,1
"BRG",326,3698,0.797546012269939
"CRS",50,0,1
"ERK",323,0,1
"MNT",108,0,1
"MRO",138,0,1
"OSF",29,0,1
"HKL",110,0,1
"NET",6,0,1
"TWL",867,3698,0.923875432525952
"1978",124,0,0.830645161290323
"1979",102,3698,0.980392156862745
"1980",271,0,0.841328413284133
"1981",237,0,1
"1982",249,0,1
"Q1",162,0,1
"Q2",289,0,1
"Q3",340,1139,0.870588235294118
"Q4",192,2559,0.885416666666667
