margROSY,n,landing,coverage
BDG,9,0,1
BRG,326,0,0.957055214723926
CRS,50,0,1
ERK,323,0,1
MNT,108,0,1
MRO,138,321,0.992753623188406
OSF,29,0,1
HKL,110,321,0.990909090909091
NET,6,0,1
TWL,867,0,0.983852364475202
1978,124,0,0.887096774193548
1979,102,0,1
1980,271,60,0.996309963099631
1981,237,136,1
1982,249,125,1
Q1,162,125,1
Q2,289,0,0.951557093425606
Q3,340,60,0.997058823529412
Q4,192,136,1
