"marginalEGLS","n","landing","coverage"
"BDG",9,0,0.666666666666667
"BRG",326,0,1
"CRS",50,0,1
"ERK",323,0,1
"MNT",108,1398,0.768518518518518
"MRO",138,0,0.956521739130435
"OSF",29,0,0.896551724137931
"HKL",110,0,0.963636363636364
"NET",6,0,1
"TWL",867,1398,0.961937716262976
"1978",124,0,1
"1979",102,0,1
"1980",271,1398,0.929889298892989
"1981",237,0,0.970464135021097
"1982",249,0,0.955823293172691
"Q1",162,0,1
"Q2",289,0,0.941176470588235
"Q3",340,1398,0.985294117647059
"Q4",192,0,0.921875
