margSLGR,n,landing,coverage
BDG,9,0,1
BRG,326,0,0.880368098159509
CRS,50,0,0.82
ERK,323,1894,0.808049535603715
MNT,108,0,1
MRO,138,0,0.971014492753623
OSF,29,0,0.862068965517241
HKL,110,0,0.981818181818182
NET,6,0,1
TWL,867,1894,0.866205305651672
1978,124,0,1
1979,102,1894,0.813725490196078
1980,271,0,0.966789667896679
1981,237,0,0.915611814345992
1982,249,0,0.718875502008032
Q1,162,1894,0.938271604938272
Q2,289,0,0.806228373702422
Q3,340,0,0.941176470588235
Q4,192,0,0.833333333333333
