mlik,waic,dic,time
-3.602473246627640037332e+03, 6.928126163432670182374e+03, 6.922855723302550359222e+03, 1.322790195941925048828e+02
