species,mad
CLPR,0.000154414749937848
BCAC,0.000173855334917446
WDOW,0.000182106778650199
BANK,0.000205934377524627
CNRY,0.000206603864425376
SNOS,0.000218161413739907
BLGL,0.00022496485064471
YTRK,0.000231368751509295
CWCD,0.000262358140807853
DBRK,0.000443769654750913
