margTIGR,n,landing,coverage
BDG,9,2766,0.888888888888889
BRG,326,0,0.966257668711656
CRS,50,0,1
ERK,323,0,1
MNT,108,0,0.916666666666667
MRO,138,0,0.920289855072464
OSF,29,0,1
HKL,110,0,1
NET,6,0,0.833333333333333
TWL,867,2766,0.964244521337947
1978,124,0,1
1979,102,0,1
1980,271,0,0.96309963099631
1981,237,2766,0.9957805907173
1982,249,0,0.91566265060241
Q1,162,0,1
Q2,289,0,0.934256055363322
Q3,340,0,0.997058823529412
Q4,192,2766,0.9375
