mlik,waic,dic,time
-4.158309434374645547905e+02, 6.926864037116461076948e+02, 6.665347178591694046190e+02, 3.976003003120422363281e+01
