margREX,n,landing,coverage
BDG,9,0,1
BRG,326,0,0.868098159509202
CRS,50,0,1
ERK,323,0,1
MNT,108,0,0.916666666666667
MRO,138,0,0.949275362318841
OSF,29,3731,0.96551724137931
HKL,110,0,0.936363636363636
NET,6,0,1
TWL,867,3731,0.938869665513264
1978,124,0,1
1979,102,0,1
1980,271,0,0.841328413284133
1981,237,0,1
1982,249,3731,0.931726907630522
Q1,162,0,1
Q2,289,3731,0.996539792387543
Q3,340,0,0.873529411764706
Q4,192,0,0.916666666666667
