margQLBK,n,landing,coverage
BDG,9,0,1
BRG,326,232,0.911042944785276
CRS,50,0,0.94
ERK,323,0,0.972136222910217
MNT,108,0,1
MRO,138,0,1
OSF,29,0,1
HKL,110,0,1
NET,6,0,1
TWL,867,232,0.952710495963091
1978,124,232,0.693548387096774
1979,102,0,1
1980,271,0,1
1981,237,0,1
1982,249,0,0.987951807228916
Q1,162,232,0.975308641975309
Q2,289,0,0.968858131487889
Q3,340,0,0.917647058823529
Q4,192,0,1
