mlik,waic,dic,time
-3.613435505198279770411e+03, 6.927294862611132884922e+03, 6.922054252443101177050e+03, 1.014262180328369140625e+02
