species,mad
CLPR,0.000156568402012759
BCAC,0.000179518431186343
WDOW,0.000182106778650199
CNRY,0.000197065470020245
BANK,0.000205934377524627
SNOS,0.000211381598161702
BLGL,0.000219931165919057
YTRK,0.000226864041829816
CWCD,0.000250017379413816
DBRK,0.000381024598969876
