margVRML,n,landing,coverage
BRG,6,0,0.666666666666667
MNT,88,0,0.738636363636364
MRO,64,56066,0.46875
OSF,52,21191,0.961538461538462
HKL,1,9249,0
NET,8,0,1
TWL,201,68008,0.701492537313433
1978,57,0,0.719298245614035
1980,61,77257,0.754098360655738
1981,42,0,0.595238095238095
1982,50,0,0.74
Q1,43,18759,0.651162790697674
Q2,73,46817,0.986301369863014
Q3,54,11681,0.518518518518518
Q4,40,0,0.525
