margSBLY,n,landing,coverage
BDG,12,6313,0.916666666666667
BRG,401,387,0.99501246882793
CRS,60,0,1
ERK,459,0,1
MNT,163,973,0.987730061349693
MRO,164,0,1
OSF,36,0,1
HKL,124,0,1
NET,14,0,1
TWL,1157,7673,0.995678478824546
1978,124,387,0.983870967741935
1979,102,0,1
1980,271,0,1
1981,237,0,1
1982,249,7213,0.991967871485944
1983,312,73,0.996794871794872
Q1,228,0,1
Q2,390,6661,0.992307692307692
Q3,437,112,0.997711670480549
Q4,240,900,0.995833333333333
