margREYE,n,landing,coverage
BDG,9,0,0.888888888888889
BRG,326,0,1
CRS,50,0,1
ERK,323,0,0.996904024767802
MNT,108,0,0.888888888888889
MRO,138,0,0.992753623188406
OSF,29,0,1
HKL,110,0,0.981818181818182
NET,6,0,0.5
TWL,867,0,0.988465974625144
1978,124,0,0.975806451612903
1979,102,0,1
1980,271,0,0.996309963099631
1981,237,0,0.991561181434599
1982,249,0,0.963855421686747
Q1,162,0,0.993827160493827
Q2,289,0,0.986159169550173
Q3,340,0,1
Q4,192,0,0.947916666666667
