margSNOS,n,landing,coverage
BDG,4,0,1
BRG,6,0,1
MNT,95,72063,0.978947368421053
MRO,77,48759,0.987012987012987
OSF,63,159067,0.984126984126984
HKL,1,0,1
NET,8,0,1
TWL,236,279889,0.983050847457627
1978,57,50211,0.964912280701754
1980,61,168209,0.967213114754098
1981,42,21220,1
1982,50,38530,1
1983,18,103,1
1984,6,665,1
1985,11,951,1
Q1,55,9194,1
Q2,86,40842,1
Q3,59,38129,0.966101694915254
Q4,45,191724,0.955555555555556
