mlik,waic,dic,time
-1.959253072312741642236e+04, 3.872031423230930522550e+04, 3.871682151519654871663e+04, 8.662922513484954833984e+02
