mlik,waic,dic,time
-1.959237687125385491527e+04, 3.872031474152315786341e+04, 3.871682314837778540095e+04, 8.870112280845642089844e+02
