margSHRP,n,landing,coverage
BDG,9,0,1
BRG,326,3698,0.993865030674847
CRS,50,0,1
ERK,323,0,0.996904024767802
MNT,108,0,1
MRO,138,0,0.956521739130435
OSF,29,0,1
HKL,110,0,0.945454545454545
NET,6,0,1
TWL,867,3698,0.996539792387543
1978,124,0,0.991935483870968
1979,102,3698,0.92156862745098
1980,271,0,1
1981,237,0,1
1982,249,0,1
Q1,162,0,1
Q2,289,0,1
Q3,340,1139,0.997058823529412
Q4,192,2559,0.958333333333333
