margQLBK,n,landing,coverage
BDG,9,0,1
BRG,326,232,0.996932515337423
CRS,50,0,0.98
ERK,323,0,0.941176470588235
MNT,108,0,0.981481481481482
MRO,138,0,0.985507246376812
OSF,29,0,1
HKL,110,0,1
NET,6,0,1
TWL,867,232,0.97116493656286
1978,124,232,0.838709677419355
1979,102,0,1
1980,271,0,0.992619926199262
1981,237,0,0.987341772151899
1982,249,0,1
Q1,162,232,0.962962962962963
Q2,289,0,0.993079584775087
Q3,340,0,0.955882352941177
Q4,192,0,0.989583333333333
