margKLPG,n,landing,coverage
BRG,6,0,1
MNT,88,337,0.988636363636364
MRO,64,0,0.890625
OSF,52,0,1
HKL,1,0,1
NET,8,337,0.875
TWL,201,0,0.965174129353234
1978,57,337,0.982456140350877
1980,61,0,1
1981,42,0,1
1982,50,0,0.86
Q1,43,0,0.837209302325581
Q2,73,337,0.986301369863014
Q3,54,0,1
Q4,40,0,1
