margCBZN,n,landing,coverage
BDG,9,0,1
BRG,326,0,0.788343558282209
CRS,50,0,1
ERK,323,0,1
MNT,108,0,0.87037037037037
MRO,138,125,0.978260869565217
OSF,29,0,0.96551724137931
HKL,110,125,0.990909090909091
NET,6,0,1
TWL,867,0,0.90080738177624
1978,124,0,0.588709677419355
1979,102,125,0.990196078431373
1980,271,0,0.92619926199262
1981,237,0,0.974683544303797
1982,249,0,0.963855421686747
Q1,162,0,0.981481481481482
Q2,289,125,0.965397923875433
Q3,340,0,0.902941176470588
Q4,192,0,0.786458333333333
