margSWSP,n,landing,coverage
BDG,9,0,0.666666666666667
BRG,326,0,0.996932515337423
CRS,50,0,1
ERK,323,0,1
MNT,108,0,1
MRO,138,0,0.91304347826087
OSF,29,0,0.793103448275862
HKL,110,0,1
NET,6,0,1
TWL,867,0,0.974625144175317
1978,124,0,0.991935483870968
1979,102,0,0.990196078431373
1980,271,0,0.948339483394834
1981,237,0,0.987341772151899
1982,249,0,0.987951807228916
Q1,162,0,0.987654320987654
Q2,289,0,0.965397923875433
Q3,340,0,0.988235294117647
Q4,192,0,0.96875
