margGBLC,n,landing,coverage
BDG,12,0,1
BRG,401,0,1
CRS,60,0,1
ERK,459,0,1
MNT,163,0,1
MRO,164,37006,0.963414634146341
OSF,36,0,1
HKL,124,37006,0.951612903225806
NET,14,0,1
TWL,1157,0,1
1978,124,0,1
1979,102,372,0.980392156862745
1980,271,1328,0.992619926199262
1981,237,0,1
1982,249,35306,0.991967871485944
1983,312,0,1
Q1,228,5688,0.991228070175439
Q2,390,58,0.997435897435897
Q3,437,30556,0.997711670480549
Q4,240,704,0.991666666666667
