margPOP,n,landing,coverage
BDG,9,0,1
BRG,326,7614,0.996932515337423
CRS,50,4556,0.9
ERK,323,326592,0.962848297213622
MNT,108,0,1
MRO,138,0,1
OSF,29,0,1
HKL,110,0,1
NET,6,0,1
TWL,867,338762,0.97923875432526
1978,124,1334,0.991935483870968
1979,102,61613,0.990196078431373
1980,271,13486,0.981549815498155
1981,237,1233,1
1982,249,261096,0.955823293172691
Q1,162,61776,0.987654320987654
Q2,289,10445,0.98961937716263
Q3,340,255876,0.967647058823529
Q4,192,10665,0.989583333333333
