margREYE,n,landing,coverage
BDG,9,0,1
BRG,326,0,0.911042944785276
CRS,50,0,1
ERK,323,0,0.922600619195046
MNT,108,0,0.898148148148148
MRO,138,0,0.920289855072464
OSF,29,0,0.827586206896552
HKL,110,0,0.990909090909091
NET,6,0,1
TWL,867,0,0.907727797001153
1978,124,0,0.653225806451613
1979,102,0,0.901960784313726
1980,271,0,0.96309963099631
1981,237,0,0.966244725738397
1982,249,0,0.959839357429719
Q1,162,0,0.993827160493827
Q2,289,0,0.934256055363322
Q3,340,0,0.829411764705882
Q4,192,0,0.984375
