margCNRY,n,landing,coverage
BDG,4,14902,1
BRG,6,33886,0.333333333333333
MNT,95,692,1
MRO,66,72433,0.96969696969697
OSF,63,90502,0.952380952380952
HKL,1,0,1
NET,8,692,1
TWL,225,211723,0.96
1978,57,19046,0.982456140350877
1980,61,83956,0.918032786885246
1981,42,63839,0.952380952380952
1982,50,30002,0.98
1983,18,670,1
1984,6,14902,1
Q1,51,28268,0.96078431372549
Q2,79,95888,0.924050632911392
Q3,59,76528,1
Q4,45,11731,0.977777777777778
