margTIGR,n,landing,coverage
BDG,9,2766,0.666666666666667
BRG,326,0,0.889570552147239
CRS,50,0,1
ERK,323,0,0.869969040247678
MNT,108,0,1
MRO,138,0,1
OSF,29,0,0.96551724137931
HKL,110,0,0.990909090909091
NET,6,0,1
TWL,867,2766,0.906574394463668
1978,124,0,0.830645161290323
1979,102,0,0.852941176470588
1980,271,0,0.996309963099631
1981,237,2766,0.987341772151899
1982,249,0,0.831325301204819
Q1,162,0,1
Q2,289,0,0.996539792387543
Q3,340,0,0.876470588235294
Q4,192,2766,0.796875
