mlik,waic,dic,time
-9.804608646109207938935e+02, 1.078381100050091617959e+03, 1.083223817279374316058e+03, 4.175777745246887207031e+01
