species,mad
YTRK,0.00112606374449398
GSRK,0.00117470208924125
CLPR,0.00117816076897346
CNRY,0.00118281694081927
BLCK,0.00118391664827452
DBRK,0.00118391664827452
POP,0.00118391664827452
SPKL,0.00119106936554756
BCAC,0.0013584204336018
WDOW,0.00211556861145685
