margLSPN,n,landing,coverage
BDG,9,0,1
BRG,326,432,0.993865030674847
CRS,50,0,1
ERK,323,0,0.86687306501548
MNT,108,0,1
MRO,138,0,1
OSF,29,0,1
HKL,110,0,1
NET,6,0,1
TWL,867,432,0.948096885813149
1978,124,163,0.862903225806452
1979,102,0,1
1980,271,269,0.996309963099631
1981,237,0,1
1982,249,0,0.891566265060241
Q1,162,0,1
Q2,289,0,0.906574394463668
Q3,340,269,0.952941176470588
Q4,192,163,0.989583333333333
