margWDOW,n,landing,coverage
BDG,4,0,1
BRG,6,1243,1
MNT,95,230257,0.968421052631579
MRO,66,375279,0.954545454545455
OSF,63,373984,0.952380952380952
HKL,1,0,1
NET,8,19058,0.875
TWL,225,961705,0.964444444444444
1978,57,141361,0.947368421052632
1980,61,497415,0.950819672131147
1981,42,285587,0.928571428571429
1982,50,35121,1
1983,18,21279,1
1984,6,0,1
Q1,51,283925,0.980392156862745
Q2,79,119418,0.974683544303797
Q3,59,341771,0.949152542372881
Q4,45,235649,0.933333333333333
