margCWCD,n,landing,coverage
BDG,4,0,1
BRG,6,0,1
MNT,95,371,0.863157894736842
MRO,77,11917,0.948051948051948
OSF,63,21861,0.841269841269841
HKL,1,1490,0
NET,8,0,1
TWL,236,32659,0.889830508474576
1978,57,22066,0.771929824561403
1980,61,1490,0.983606557377049
1981,42,10427,0.976190476190476
1982,50,166,0.76
1983,18,0,1
1984,6,0,1
1985,11,0,1
Q1,55,1695,0.963636363636364
Q2,86,21861,0.883720930232558
Q3,59,0,0.779661016949153
Q4,45,10593,0.955555555555556
