margCWCD,n,landing,coverage
BDG,4,0,1
BRG,6,0,1
MNT,95,371,0.978947368421053
MRO,77,11917,0.974025974025974
OSF,63,21861,0.984126984126984
HKL,1,1490,0
NET,8,0,1
TWL,236,32659,0.983050847457627
1978,57,22066,0.964912280701754
1980,61,1490,0.983606557377049
1981,42,10427,0.976190476190476
1982,50,166,0.98
1983,18,0,1
1984,6,0,1
1985,11,0,1
Q1,55,1695,0.963636363636364
Q2,86,21861,0.988372093023256
Q3,59,0,1
Q4,45,10593,0.955555555555556
