margGRAS,n,landing,coverage
BDG,9,0,1
BRG,326,0,0.865030674846626
CRS,50,0,1
ERK,323,1251,0.996904024767802
MNT,108,0,0.981481481481482
MRO,138,0,0.963768115942029
OSF,29,0,1
HKL,110,0,0.963636363636364
NET,6,0,0.666666666666667
TWL,867,1251,0.946943483275663
1978,124,0,0.854838709677419
1979,102,0,0.843137254901961
1980,271,0,1
1981,237,0,0.983122362869198
1982,249,1251,0.943775100401606
Q1,162,0,0.888888888888889
Q2,289,1251,0.955017301038062
Q3,340,0,0.982352941176471
Q4,192,0,0.921875
