"marginalBCAC","n","landing","coverage"
"BRG",6,172242,0.833333333333333
"MNT",88,4143365,0.943181818181818
"MRO",64,2733460,0.765625
"OSF",52,3117359,0.884615384615385
"HKL",1,0,1
"NET",8,145083,1
"TWL",201,10021343,0.865671641791045
"1978",57,1853861,0.982456140350877
"1980",61,4271945,0.852459016393443
"1981",42,2050399,0.714285714285714
"1982",50,1990221,0.9
"Q1",43,1875136,0.976744186046512
"Q2",73,3784254,0.876712328767123
"Q3",54,2761660,0.851851851851852
"Q4",40,1745376,0.775
