margBRNZ,n,landing,coverage
BDG,9,0,1
BRG,326,0,1
CRS,50,0,0.94
ERK,323,0,0.934984520123839
MNT,108,0,1
MRO,138,766,0.992753623188406
OSF,29,0,1
HKL,110,766,0.990909090909091
NET,6,0,1
TWL,867,0,0.972318339100346
1978,124,0,1
1979,102,766,0.990196078431373
1980,271,0,0.911439114391144
1981,237,0,1
1982,249,0,1
Q1,162,0,1
Q2,289,0,1
Q3,340,766,0.935294117647059
Q4,192,0,0.984375
