margLSPN,n,landing,coverage
BDG,9,0,1
BRG,326,432,0.993865030674847
CRS,50,0,1
ERK,323,0,1
MNT,108,0,0.981481481481482
MRO,138,0,0.978260869565217
OSF,29,0,0.827586206896552
HKL,110,0,0.972727272727273
NET,6,0,1
TWL,867,432,0.98961937716263
1978,124,163,0.991935483870968
1979,102,0,1
1980,271,269,0.988929889298893
1981,237,0,0.966244725738397
1982,249,0,1
Q1,162,0,1
Q2,289,0,0.98961937716263
Q3,340,269,0.982352941176471
Q4,192,163,0.984375
