mlik,waic,dic,time
-9.436163151462229734534e+02, 6.242047360061861809299e+02, 4.843816908269492387262e+02, 7.522121691703796386719e+01
