species,mad
YTRK,0.00112606374449398
CLPR,0.00117816076897346
CNRY,0.00123748199878864
BCAC,0.0013334838740291
POP,0.00208677135459187
DBRK,0.00218652826369078
WDOW,0.00248344823871947
