margURCK,n,landing,coverage
BDG,9,0,1
BRG,326,0,0.95398773006135
CRS,50,44,0.74
ERK,323,0,1
MNT,108,0,0.953703703703704
MRO,138,0,0.992753623188406
OSF,29,0,0.724137931034483
HKL,110,0,0.936363636363636
NET,6,0,1
TWL,867,44,0.959630911188005
1978,124,0,0.967741935483871
1979,102,0,1
1980,271,44,0.944649446494465
1981,237,0,0.936708860759494
1982,249,0,0.967871485943775
Q1,162,0,0.925925925925926
Q2,289,0,0.961937716262976
Q3,340,44,0.988235294117647
Q4,192,0,0.921875
