margBRNZ,n,landing,coverage
BDG,9,0,0.777777777777778
BRG,326,0,1
CRS,50,0,0.8
ERK,323,0,0.96594427244582
MNT,108,0,0.990740740740741
MRO,138,766,0.992753623188406
OSF,29,0,1
HKL,110,766,0.981818181818182
NET,6,0,1
TWL,867,0,0.973471741637832
1978,124,0,0.919354838709677
1979,102,766,0.990196078431373
1980,271,0,0.955719557195572
1981,237,0,1
1982,249,0,0.991967871485944
Q1,162,0,0.975308641975309
Q2,289,0,0.937716262975779
Q3,340,766,0.994117647058824
Q4,192,0,0.994791666666667
