"marginalURCK","n","landing","coverage"
"BDG",9,0,1
"BRG",326,0,0.978527607361963
"CRS",50,44,0.98
"ERK",323,0,0.987616099071207
"MNT",108,0,1
"MRO",138,0,0.956521739130435
"OSF",29,0,1
"HKL",110,0,1
"NET",6,0,1
"TWL",867,44,0.97923875432526
"1978",124,0,0.967741935483871
"1979",102,0,0.931372549019608
"1980",271,44,0.996309963099631
"1981",237,0,0.974683544303797
"1982",249,0,1
"Q1",162,0,0.932098765432099
"Q2",289,0,1
"Q3",340,44,0.979411764705882
"Q4",192,0,1
