margCBZN,n,landing,coverage
BDG,9,0,1
BRG,326,0,0.898773006134969
CRS,50,0,0.88
ERK,323,0,1
MNT,108,0,0.990740740740741
MRO,138,125,0.978260869565217
OSF,29,0,1
HKL,110,125,0.981818181818182
NET,6,0,1
TWL,867,0,0.952710495963091
1978,124,0,0.991935483870968
1979,102,125,0.990196078431373
1980,271,0,1
1981,237,0,0.890295358649789
1982,249,0,0.939759036144578
Q1,162,0,0.993827160493827
Q2,289,125,0.972318339100346
Q3,340,0,0.9
Q4,192,0,1
