mlik,waic,dic,time
-1.937936778705664983136e+04, 3.817954424023104365915e+04, 3.817952778563452739036e+04, 1.128999973773956298828e+03
