species,mad
WDOW,3.70587361167455e-05
DBRK,4.38420756869242e-05
CLPR,4.47485572585925e-05
BCAC,4.47742160520429e-05
POP,4.59163918501455e-05
SNOS,4.62990571586679e-05
YTRK,4.83027095861053e-05
BANK,5.02477213091933e-05
CNRY,5.03255299423505e-05
CWCD,5.25549811775332e-05
BLGL,5.42924698616135e-05
MXRF,0.000102933247492624
BRNZ,0.00010876183559141
