mlik,waic,dic,time
-4.491892591501041920310e+02, 7.020402649861334793968e+02, 6.771631408676563523841e+02, 4.689556384086608886719e+01
