"marginalARRA","n","landing","coverage"
"BRG",6,0,1
"MNT",88,0,0.875
"MRO",64,5603,0.859375
"OSF",52,1155,0.923076923076923
"HKL",1,0,1
"NET",8,0,1
"TWL",201,6758,0.880597014925373
"1978",57,0,0.754385964912281
"1980",61,5257,0.967213114754098
"1981",42,0,0.904761904761905
"1982",50,1501,0.92
"Q1",43,1501,0.953488372093023
"Q2",73,1155,0.986301369863014
"Q3",54,0,0.685185185185185
"Q4",40,4102,0.9
