"marginalARRA","n","landing","coverage"
"BRG",6,0,1
"MNT",88,0,1
"MRO",64,5603,0.953125
"OSF",52,1155,0.980769230769231
"HKL",1,0,1
"NET",8,0,1
"TWL",201,6758,0.980099502487562
"1978",57,0,1
"1980",61,5257,0.967213114754098
"1981",42,0,1
"1982",50,1501,0.96
"Q1",43,1501,0.953488372093023
"Q2",73,1155,0.986301369863014
"Q3",54,0,1
"Q4",40,4102,0.975
