margBRNZ,n,landing,coverage
BDG,31,0,1
BRG,420,0,1
CRS,73,0,1
ERK,533,0,1
MNT,249,0,1
MRO,201,766,0.995024875621891
OSF,65,0,1
HKL,128,766,0.9921875
NET,24,0,1
TWL,1420,0,1
1978,124,0,1
1979,102,766,0.990196078431373
1980,271,0,1
1981,237,0,1
1982,249,0,1
1983,312,0,1
1984,277,0,1
Q1,277,0,1
Q2,441,0,1
Q3,534,766,0.99812734082397
Q4,320,0,1
