margBLUR,n,landing,coverage
BDG,9,0,1
BRG,326,0,0.938650306748466
CRS,50,0,0.98
ERK,323,0,1
MNT,108,0,0.990740740740741
MRO,138,0,0.978260869565217
OSF,29,0,1
HKL,110,0,0.972727272727273
NET,6,0,0.833333333333333
TWL,867,0,0.975778546712803
1978,124,0,1
1979,102,0,0.970588235294118
1980,271,0,0.996309963099631
1981,237,0,0.915611814345992
1982,249,0,0.995983935742972
Q1,162,0,0.993827160493827
Q2,289,0,0.927335640138408
Q3,340,0,0.997058823529412
Q4,192,0,0.989583333333333
