"marginalEGLS","n","landing","coverage"
"BRG",6,0,1
"MNT",88,185,0.988636363636364
"MRO",64,0,1
"OSF",52,2368,0.980769230769231
"HKL",1,0,1
"NET",8,0,1
"TWL",201,2553,0.990049751243781
"1978",57,185,0.982456140350877
"1980",61,0,1
"1981",42,0,1
"1982",50,2368,0.98
"Q1",43,0,1
"Q2",73,2368,0.986301369863014
"Q3",54,0,1
"Q4",40,185,0.975
