margSWSP,n,landing,coverage
BDG,9,0,1
BRG,326,0,0.97239263803681
CRS,50,0,0.72
ERK,323,0,1
MNT,108,0,0.842592592592593
MRO,138,0,0.978260869565217
OSF,29,0,1
HKL,110,0,1
NET,6,0,1
TWL,867,0,0.95040369088812
1978,124,0,1
1979,102,0,0.931372549019608
1980,271,0,0.88929889298893
1981,237,0,0.991561181434599
1982,249,0,0.983935742971888
Q1,162,0,0.950617283950617
Q2,289,0,0.937716262975779
Q3,340,0,0.958823529411765
Q4,192,0,0.984375
