mlik,waic,dic,time
-9.980443768190808668805e+02, 1.830332452416292881026e+03, 1.809273352681429287259e+03, 5.478917121887207031250e+01
