mlik,waic,dic,time
-3.631510366093012635247e+03, 6.928182440391055934015e+03, 6.922919108464252531121e+03, 1.307868134975433349609e+02
