species,mad
CLPR,0.000166294658300699
BCAC,0.000186452916258148
WDOW,0.000187979321113496
CNRY,0.000202099154745897
BANK,0.000205934377524627
SNOS,0.000218161413739907
BLGL,0.000219931165919057
YTRK,0.000231368751509295
CWCD,0.000259652829125958
DBRK,0.000406476920112694
