margURCK,n,landing,coverage
BDG,12,0,1
BRG,401,457,0.99501246882793
CRS,60,44,0.983333333333333
ERK,459,1467,0.967320261437909
MNT,163,0,1
MRO,164,0,1
OSF,36,0,1
HKL,124,0,1
NET,14,0,1
TWL,1157,1968,0.984442523768366
1978,124,0,1
1979,102,0,1
1980,271,44,0.996309963099631
1981,237,0,1
1982,249,0,1
1983,312,1924,0.94551282051282
Q1,228,0,1
Q2,390,1173,0.969230769230769
Q3,437,768,0.988558352402746
Q4,240,27,0.995833333333333
