margEGLS,n,landing,coverage
BDG,9,0,1
BRG,326,0,0.95398773006135
CRS,50,0,0.86
ERK,323,0,1
MNT,108,1398,0.842592592592593
MRO,138,0,0.963768115942029
OSF,29,0,1
HKL,110,0,0.954545454545455
NET,6,0,1
TWL,867,1398,0.955017301038062
1978,124,0,1
1979,102,0,0.950980392156863
1980,271,1398,0.944649446494465
1981,237,0,0.928270042194093
1982,249,0,0.971887550200803
Q1,162,0,0.969135802469136
Q2,289,0,1
Q3,340,1398,0.935294117647059
Q4,192,0,0.911458333333333
