margSWSP,n,landing,coverage
BDG,9,0,1
BRG,326,0,0.941717791411043
CRS,50,0,0.9
ERK,323,0,1
MNT,108,0,0.925925925925926
MRO,138,0,0.731884057971015
OSF,29,0,0.724137931034483
HKL,110,0,0.681818181818182
NET,6,0,1
TWL,867,0,0.951557093425606
1978,124,0,0.983870967741935
1979,102,0,0.931372549019608
1980,271,0,0.996309963099631
1981,237,0,0.835443037974684
1982,249,0,0.887550200803213
Q1,162,0,0.796296296296296
Q2,289,0,0.968858131487889
Q3,340,0,0.944117647058824
Q4,192,0,0.916666666666667
