margROSY,n,landing,coverage
BDG,12,0,1
BRG,401,0,1
CRS,60,0,1
ERK,459,0,1
MNT,163,0,1
MRO,164,321,0.975609756097561
OSF,36,0,1
HKL,124,321,0.967741935483871
NET,14,0,1
TWL,1157,0,1
1978,124,0,1
1979,102,0,1
1980,271,60,0.996309963099631
1981,237,136,0.991561181434599
1982,249,125,0.995983935742972
1983,312,0,1
Q1,228,125,0.995614035087719
Q2,390,0,1
Q3,437,60,0.997711670480549
Q4,240,136,0.991666666666667
