margCWCD,n,landing,coverage
BDG,1,0,1
BRG,6,0,1
MNT,92,371,0.847826086956522
MRO,66,11917,0.924242424242424
OSF,63,21861,0.984126984126984
HKL,1,1490,0
NET,8,0,1
TWL,219,32659,0.91324200913242
1978,57,22066,0.771929824561403
1980,61,1490,0.983606557377049
1981,42,10427,0.952380952380952
1982,50,166,0.92
1983,18,0,1
Q1,45,1695,0.955555555555556
Q2,79,21861,0.974683544303797
Q3,59,0,0.76271186440678
Q4,45,10593,0.955555555555556
