margQLBK,n,landing,coverage
BDG,9,0,1
BRG,326,232,0.996932515337423
CRS,50,0,1
ERK,323,0,1
MNT,108,0,1
MRO,138,0,1
OSF,29,0,1
HKL,110,0,1
NET,6,0,1
TWL,867,232,0.998846597462514
1978,124,232,0.991935483870968
1979,102,0,1
1980,271,0,1
1981,237,0,1
1982,249,0,1
Q1,162,232,0.993827160493827
Q2,289,0,1
Q3,340,0,1
Q4,192,0,1
