margSWSP,n,landing,coverage
BDG,9,0,1
BRG,326,0,0.892638036809816
CRS,50,0,1
ERK,323,0,0.993808049535604
MNT,108,0,1
MRO,138,0,0.847826086956522
OSF,29,0,1
HKL,110,0,0.909090909090909
NET,6,0,1
TWL,867,0,0.944636678200692
1978,124,0,1
1979,102,0,0.735294117647059
1980,271,0,1
1981,237,0,0.974683544303797
1982,249,0,0.899598393574297
Q1,162,0,0.987654320987654
Q2,289,0,0.955017301038062
Q3,340,0,0.955882352941177
Q4,192,0,0.854166666666667
