"marginalMXRF","n","landing","coverage"
"BDG",9,0,1
"BRG",326,15828,0.950920245398773
"CRS",50,0,0.98
"ERK",323,0,1
"MNT",108,0,1
"MRO",138,0,0.992753623188406
"OSF",29,0,1
"HKL",110,0,0.990909090909091
"NET",6,0,0.833333333333333
"TWL",867,15828,0.981545559400231
"1978",124,0,0.887096774193548
"1979",102,0,1
"1980",271,15828,0.992619926199262
"1981",237,0,1
"1982",249,0,0.991967871485944
"Q1",162,0,1
"Q2",289,6676,0.948096885813149
"Q3",340,9152,0.994117647058824
"Q4",192,0,0.994791666666667
