margGSRK,n,landing,coverage
BDG,9,45632,1
BRG,326,250576,1
CRS,50,35815,0.96
ERK,323,9750,0.972136222910217
MNT,108,11597,0.972222222222222
MRO,138,1308,1
OSF,29,0,1
HKL,110,2205,1
NET,6,0,1
TWL,867,352473,0.983852364475202
1978,124,20436,0.983870967741935
1979,102,8874,0.980392156862745
1980,271,224858,0.981549815498155
1981,237,23860,1
1982,249,76650,0.979919678714859
Q1,162,208438,0.993827160493827
Q2,289,78136,0.986159169550173
Q3,340,43250,0.979411764705882
Q4,192,24854,0.989583333333333
