margGRAS,n,landing,coverage
BDG,9,0,1
BRG,326,0,1
CRS,50,0,0.7
ERK,323,1251,0.993808049535604
MNT,108,0,0.898148148148148
MRO,138,0,0.927536231884058
OSF,29,0,1
HKL,110,0,0.890909090909091
NET,6,0,1
TWL,867,1251,0.970011534025375
1978,124,0,1
1979,102,0,0.990196078431373
1980,271,0,0.92619926199262
1981,237,0,0.936708860759494
1982,249,1251,0.991967871485944
Q1,162,0,0.962962962962963
Q2,289,1251,0.958477508650519
Q3,340,0,0.944117647058824
Q4,192,0,0.994791666666667
