"marginalMXRF","n","landing","coverage"
"BDG",9,0,1
"BRG",326,15828,0.993865030674847
"CRS",50,0,1
"ERK",323,0,1
"MNT",108,0,0.962962962962963
"MRO",138,0,0.992753623188406
"OSF",29,0,1
"HKL",110,0,1
"NET",6,0,0.833333333333333
"TWL",867,15828,0.993079584775087
"1978",124,0,1
"1979",102,0,1
"1980",271,15828,0.992619926199262
"1981",237,0,0.983122362869198
"1982",249,0,0.995983935742972
"Q1",162,0,1
"Q2",289,6676,0.996539792387543
"Q3",340,9152,0.982352941176471
"Q4",192,0,1
