margMXRF,n,landing,coverage
BDG,56,0,1
BRG,457,15828,0.99562363238512
CRS,82,0,1
ERK,594,0,1
MNT,344,0,1
MRO,266,0,1
OSF,104,0,1
HKL,138,0,1
NET,47,0,1
TWL,1718,15828,0.9988358556461
1978,124,0,1
1979,102,0,1
1980,271,15828,0.992619926199262
1981,237,0,1
1982,249,0,1
1983,312,0,1
1984,277,0,1
1985,331,0,1
Q1,339,0,1
Q2,531,6676,0.998116760828625
Q3,645,9152,0.998449612403101
Q4,388,0,1
