margSLGR,n,landing,coverage
BDG,9,0,1
BRG,326,0,0.993865030674847
CRS,50,0,1
ERK,323,1894,0.996904024767802
MNT,108,0,0.842592592592593
MRO,138,0,1
OSF,29,0,0.96551724137931
HKL,110,0,1
NET,6,0,1
TWL,867,1894,0.975778546712803
1978,124,0,0.991935483870968
1979,102,1894,0.970588235294118
1980,271,0,1
1981,237,0,0.928270042194093
1982,249,0,1
Q1,162,1894,0.907407407407407
Q2,289,0,0.993079584775087
Q3,340,0,0.988235294117647
Q4,192,0,1
