"marginalSBLY","n","landing","coverage"
"BDG",9,6313,0.888888888888889
"BRG",326,387,0.993865030674847
"CRS",50,0,1
"ERK",323,0,1
"MNT",108,900,0.990740740740741
"MRO",138,0,1
"OSF",29,0,1
"HKL",110,0,1
"NET",6,0,1
"TWL",867,7600,0.995386389850058
"1978",124,387,0.983870967741935
"1979",102,0,1
"1980",271,0,1
"1981",237,0,1
"1982",249,7213,0.991967871485944
"Q1",162,0,1
"Q2",289,6588,0.993079584775087
"Q3",340,112,0.997058823529412
"Q4",192,900,0.994791666666667
