"marginalSSPN","n","landing","coverage"
"BDG",9,0,1
"BRG",326,5376,0.996932515337423
"CRS",50,0,1
"ERK",323,250,0.996904024767802
"MNT",108,1340,0.981481481481482
"MRO",138,17160,0.992753623188406
"OSF",29,1189,1
"HKL",110,0,1
"NET",6,0,1
"TWL",867,25315,0.994232987312572
"1978",124,250,0.991935483870968
"1979",102,0,1
"1980",271,6565,0.996309963099631
"1981",237,0,1
"1982",249,18500,0.987951807228916
"Q1",162,1189,1
"Q2",289,19275,0.986159169550173
"Q3",340,4851,0.997058823529412
"Q4",192,0,1
