margEGLS,n,landing,coverage
BDG,9,0,1
BRG,326,0,0.95398773006135
CRS,50,0,1
ERK,323,0,0.934984520123839
MNT,108,1398,0.990740740740741
MRO,138,0,0.971014492753623
OSF,29,0,1
HKL,110,0,0.990909090909091
NET,6,0,1
TWL,867,1398,0.953863898500577
1978,124,0,1
1979,102,0,0.852941176470588
1980,271,1398,0.996309963099631
1981,237,0,0.911392405063291
1982,249,0,0.983935742971888
Q1,162,0,0.851851851851852
Q2,289,0,0.996539792387543
Q3,340,1398,0.997058823529412
Q4,192,0,0.921875
