mlik,waic,dic,time
-3.607566713504188555817e+03, 6.928055318483587143419e+03, 6.922939149915964662796e+03, 1.197648758888244628906e+02
