species,mad
CLPR,0.000164930171064386
WDOW,0.000182106778650199
BCAC,0.00018971058557874
BANK,0.000205934377524627
CNRY,0.000206603864425376
SNOS,0.000218161413739907
BLGL,0.000219931165919057
YTRK,0.000226864041829816
CWCD,0.000261057560768473
DBRK,0.000435760802292826
