mlik,waic,dic,time
-1.957971092293634865200e+04, 3.872080295217017555842e+04, 3.871716968025810638210e+04, 2.256404948234558105469e+02
