species,mad
BCAC,3.73770028313698e-05
DBRK,4.38420756869242e-05
WDOW,4.39645298847001e-05
POP,4.59163918501455e-05
CLPR,4.60426186190349e-05
SNOS,4.62990571586679e-05
CNRY,4.67289035397745e-05
YTRK,4.80493265211825e-05
BANK,5.04011561638526e-05
CWCD,5.25549811775332e-05
BLGL,5.42924698616135e-05
MXRF,9.79174649236346e-05
BRNZ,9.96531594619153e-05
