margRSTN,n,landing,coverage
BDG,12,0,1
BRG,401,1338,0.997506234413965
CRS,60,157,0.983333333333333
ERK,459,4922,0.989106753812636
MNT,163,0,1
MRO,164,0,1
OSF,36,0,1
HKL,124,0,1
NET,14,0,1
TWL,1157,6417,0.993949870354365
1978,124,47,0.991935483870968
1979,102,244,0.990196078431373
1980,271,0,1
1981,237,0,1
1982,249,1495,0.991967871485944
1983,312,4631,0.990384615384615
Q1,228,62,0.995614035087719
Q2,390,5344,0.992307692307692
Q3,437,1011,0.993135011441648
Q4,240,0,1
