margEGLS,n,landing,coverage
BDG,9,0,1
BRG,326,0,0.911042944785276
CRS,50,0,0.86
ERK,323,0,1
MNT,108,1398,0.981481481481482
MRO,138,0,0.949275362318841
OSF,29,0,1
HKL,110,0,1
NET,6,0,1
TWL,867,1398,0.948096885813149
1978,124,0,0.766129032258065
1979,102,0,1
1980,271,1398,0.970479704797048
1981,237,0,1
1982,249,0,0.967871485943775
Q1,162,0,0.987654320987654
Q2,289,0,1
Q3,340,1398,0.873529411764706
Q4,192,0,1
