margREYE,n,landing,coverage
BDG,9,0,0.888888888888889
BRG,326,0,1
CRS,50,0,1
ERK,323,0,0.888544891640867
MNT,108,0,0.981481481481482
MRO,138,0,0.920289855072464
OSF,29,0,1
HKL,110,0,0.9
NET,6,0,1
TWL,867,0,0.955017301038062
1978,124,0,1
1979,102,0,1
1980,271,0,0.966789667896679
1981,237,0,0.962025316455696
1982,249,0,0.8714859437751
Q1,162,0,0.95679012345679
Q2,289,0,1
Q3,340,0,0.988235294117647
Q4,192,0,0.796875
