"marginalPNKR","n","landing","coverage"
"BRG",6,0,1
"MNT",88,745,0.852272727272727
"MRO",64,0,0.3125
"OSF",52,0,0.480769230769231
"HKL",1,0,1
"NET",8,0,1
"TWL",201,745,0.582089552238806
"1978",57,745,0.754385964912281
"1980",61,0,0.508196721311475
"1981",42,0,0.452380952380952
"1982",50,0,0.66
"Q1",43,745,0.488372093023256
"Q2",73,0,0.767123287671233
"Q3",54,0,0.62962962962963
"Q4",40,0,0.375
