margLSPN,n,landing,coverage
BDG,9,0,1
BRG,326,432,0.993865030674847
CRS,50,0,1
ERK,323,0,1
MNT,108,0,1
MRO,138,0,0.971014492753623
OSF,29,0,1
HKL,110,0,0.963636363636364
NET,6,0,1
TWL,867,432,0.997693194925029
1978,124,163,0.991935483870968
1979,102,0,1
1980,271,269,0.996309963099631
1981,237,0,0.983122362869198
1982,249,0,1
Q1,162,0,1
Q2,289,0,1
Q3,340,269,0.985294117647059
Q4,192,163,0.994791666666667
