margREX,n,landing,coverage
BDG,9,0,1
BRG,326,0,0.914110429447853
CRS,50,0,1
ERK,323,0,0.839009287925697
MNT,108,0,0.907407407407407
MRO,138,0,0.927536231884058
OSF,29,3731,0.96551724137931
HKL,110,0,0.990909090909091
NET,6,0,1
TWL,867,3731,0.884659746251442
1978,124,0,0.830645161290323
1979,102,0,0.833333333333333
1980,271,0,0.974169741697417
1981,237,0,1
1982,249,3731,0.775100401606426
Q1,162,0,0.95679012345679
Q2,289,3731,0.965397923875433
Q3,340,0,0.814705882352941
Q4,192,0,0.890625
