margPOP,n,landing,coverage
BDG,9,0,1
BRG,326,7614,0.969325153374233
CRS,50,4556,0.88
ERK,323,326592,0.894736842105263
MNT,108,0,1
MRO,138,0,1
OSF,29,0,1
HKL,110,0,1
NET,6,0,1
TWL,867,338762,0.942329873125721
1978,124,1334,0.951612903225806
1979,102,61613,0.96078431372549
1980,271,13486,0.948339483394834
1981,237,1233,0.987341772151899
1982,249,261096,0.907630522088353
Q1,162,61776,0.987654320987654
Q2,289,10445,0.948096885813149
Q3,340,255876,0.938235294117647
Q4,192,10665,0.9375
