margGRAS,n,landing,coverage
BDG,9,0,1
BRG,326,0,0.996932515337423
CRS,50,0,1
ERK,323,1251,0.996904024767802
MNT,108,0,0.990740740740741
MRO,138,0,0.942028985507246
OSF,29,0,0.862068965517241
HKL,110,0,0.945454545454545
NET,6,0,1
TWL,867,1251,0.98961937716263
1978,124,0,1
1979,102,0,0.931372549019608
1980,271,0,0.996309963099631
1981,237,0,1
1982,249,1251,0.971887550200803
Q1,162,0,0.969135802469136
Q2,289,1251,0.996539792387543
Q3,340,0,0.997058823529412
Q4,192,0,0.958333333333333
