mlik,waic,dic,time
-1.931273705924166642944e+04, 2.470783572379003453534e+04, 1.894234622572963417042e+03, 4.036273257732391357422e+02
