species,mad
WDOW,3.58361190130244e-05
YTRK,4.13496306881726e-05
DBRK,4.38420756869242e-05
CLPR,4.49846009771154e-05
BCAC,4.56415990806172e-05
POP,4.59163918501455e-05
CNRY,4.62128602864851e-05
SNOS,4.62990571586679e-05
BANK,5.08502020854522e-05
CWCD,5.29011269985451e-05
BLGL,5.42924698616135e-05
MXRF,9.18641591684201e-05
BRNZ,9.23043172606982e-05
