margBRNZ,n,landing,coverage
BDG,9,0,1
BRG,326,0,0.993865030674847
CRS,50,0,0.8
ERK,323,0,0.993808049535604
MNT,108,0,0.981481481481482
MRO,138,766,0.992753623188406
OSF,29,0,1
HKL,110,766,0.963636363636364
NET,6,0,0.833333333333333
TWL,867,0,0.986159169550173
1978,124,0,1
1979,102,766,0.950980392156863
1980,271,0,0.966789667896679
1981,237,0,1
1982,249,0,0.987951807228916
Q1,162,0,0.993827160493827
Q2,289,0,0.961937716262976
Q3,340,766,0.988235294117647
Q4,192,0,0.994791666666667
