margSPKL,n,landing,coverage
BDG,4,0,1
BRG,6,0,1
MNT,95,945,0.968421052631579
MRO,66,30039,0.939393939393939
OSF,63,0,1
HKL,1,0,1
NET,8,904,0.75
TWL,225,30080,0.977777777777778
1978,57,945,0.947368421052632
1980,61,0,1
1981,42,30039,0.952380952380952
1982,50,0,0.96
1983,18,0,1
1984,6,0,1
Q1,51,9729,0.96078431372549
Q2,79,415,0.987341772151899
Q3,59,20840,0.932203389830508
Q4,45,0,1
