"marginalTIGR","n","landing","coverage"
"BDG",9,2766,0.888888888888889
"BRG",326,0,0.926380368098159
"CRS",50,0,1
"ERK",323,0,0.947368421052632
"MNT",108,0,1
"MRO",138,0,1
"OSF",29,0,1
"HKL",110,0,1
"NET",6,0,1
"TWL",867,2766,0.951557093425606
"1978",124,0,0.991935483870968
"1979",102,0,0.843137254901961
"1980",271,0,1
"1981",237,2766,0.894514767932489
"1982",249,0,1
"Q1",162,0,1
"Q2",289,0,0.944636678200692
"Q3",340,0,0.929411764705882
"Q4",192,2766,0.989583333333333
