mlik,waic,dic,time
-1.958028072632873590919e+04, 3.872071849758756434312e+04, 3.871709035717514780117e+04, 2.283526906967163085938e+02
