species,mad
WDOW,4.35311834654825e-05
DBRK,4.38420756869242e-05
BCAC,4.45109867535018e-05
CNRY,4.56242265157097e-05
CLPR,4.56925159688026e-05
POP,4.59163918501455e-05
SNOS,4.62990571586679e-05
YTRK,4.80493265211825e-05
BANK,5.04011561638526e-05
CWCD,5.25549811775332e-05
BLGL,5.42924698616135e-05
BRNZ,9.71120211838112e-05
MXRF,9.73222634802389e-05
