mlik,waic,dic,time
-3.582518951161486711499e+03, 6.055701551440889488731e+03, 6.519514347725650623033e+03, 2.388832061290740966797e+02
