species,mad
CLPR,0.000158848722647351
BCAC,0.000174902250823361
WDOW,0.000176790816220529
CNRY,0.000201570179699724
BANK,0.000205934377524627
SNOS,0.000211381598161702
BLGL,0.00022496485064471
YTRK,0.000226864041829816
CWCD,0.000256665776833965
DBRK,0.000310496399204666
