"marginalSTAR","n","landing","coverage"
"BDG",9,0,1
"BRG",326,0,1
"CRS",50,0,1
"ERK",323,0,1
"MNT",108,0,1
"MRO",138,2890,0.949275362318841
"OSF",29,0,1
"HKL",110,2559,0.945454545454545
"NET",6,0,1
"TWL",867,331,0.998846597462514
"1978",124,0,1
"1979",102,112,1
"1980",271,331,0.996309963099631
"1981",237,1766,0.983122362869198
"1982",249,681,0.991967871485944
"Q1",162,681,0.987654320987654
"Q2",289,147,0.996539792387543
"Q3",340,599,0.997058823529412
"Q4",192,1463,0.984375
