margQLBK,n,landing,coverage
BDG,9,0,1
BRG,326,232,0.947852760736196
CRS,50,0,0.82
ERK,323,0,1
MNT,108,0,0.990740740740741
MRO,138,0,0.956521739130435
OSF,29,0,1
HKL,110,0,0.963636363636364
NET,6,0,0.833333333333333
TWL,867,232,0.967704728950404
1978,124,232,0.854838709677419
1979,102,0,1
1980,271,0,0.966789667896679
1981,237,0,0.974683544303797
1982,249,0,1
Q1,162,232,0.888888888888889
Q2,289,0,0.961937716262976
Q3,340,0,0.988235294117647
Q4,192,0,1
