mlik,waic,dic,time
-3.626276252833158196154e+03, 6.928124434927022775810e+03, 6.922853507860462741519e+03, 1.288299262523651123047e+02
