species,mad
CLPR,0.000147578527144001
BCAC,0.00018064390218823
WDOW,0.000190528662120133
CNRY,0.000202099154745897
BANK,0.000205934377524627
SNOS,0.000218161413739907
BLGL,0.00022496485064471
YTRK,0.000226864041829816
CWCD,0.000274197697347181
DBRK,0.000452120664011529
