mlik,waic,dic,time
-3.650743606039462065382e+03, 6.928137302543986152159e+03, 6.922867879249555699062e+03, 1.621451358795166015625e+02
