species,mad
CLPR,0.00016070363045309
BCAC,0.000171686816770788
WDOW,0.000182106778650199
CNRY,0.000197065470020245
BANK,0.000205934377524627
SNOS,0.000218161413739907
BLGL,0.000219931165919057
YTRK,0.000231368751509295
CWCD,0.000245512669734338
DBRK,0.000354462861346296
