mlik,waic,dic,time
-1.957957282098863652209e+04, 3.872069133117942692479e+04, 3.871706766800827608677e+04, 2.220326380729675292969e+02
