margYMTH,n,landing,coverage
BDG,9,0,1
BRG,326,1535,0.996932515337423
CRS,50,0,0.96
ERK,323,0,0.987616099071207
MNT,108,0,0.888888888888889
MRO,138,0,1
OSF,29,0,1
HKL,110,0,1
NET,6,0,0.5
TWL,867,1535,0.981545559400231
1978,124,0,0.975806451612903
1979,102,1535,0.990196078431373
1980,271,0,1
1981,237,0,0.983122362869198
1982,249,0,0.955823293172691
Q1,162,0,1
Q2,289,0,0.98961937716263
Q3,340,0,1
Q4,192,1535,0.916666666666667
