mlik,waic,dic,time
-4.163061787959777575452e+03, 8.050513797794118545426e+03, 8.044504157821193075506e+03, 9.454996991157531738281e+01
