margBLUR,n,landing,coverage
BRG,6,0,1
MNT,88,0,0.965909090909091
MRO,64,0,1
OSF,52,0,1
HKL,1,0,1
NET,8,0,0.625
TWL,201,0,1
1978,57,0,0.947368421052632
1980,61,0,1
1981,42,0,1
1982,50,0,1
Q1,43,0,1
Q2,73,0,0.958904109589041
Q3,54,0,1
Q4,40,0,1
