mlik,waic,dic,time
-9.726426292220737650496e+02, 6.239702585780511299163e+02, 4.838124077570552117322e+02, 1.896020064115524291992e+03
