"marginalMXRF","n","landing","coverage"
"BDG",9,0,1
"BRG",326,15828,0.993865030674847
"CRS",50,0,1
"ERK",323,0,1
"MNT",108,0,1
"MRO",138,0,1
"OSF",29,0,1
"HKL",110,0,1
"NET",6,0,1
"TWL",867,15828,0.997693194925029
"1978",124,0,1
"1979",102,0,1
"1980",271,15828,0.992619926199262
"1981",237,0,1
"1982",249,0,1
"Q1",162,0,1
"Q2",289,6676,0.996539792387543
"Q3",340,9152,0.997058823529412
"Q4",192,0,1
