margQLBK,n,landing,coverage
BDG,9,0,1
BRG,326,232,0.929447852760736
CRS,50,0,1
ERK,323,0,1
MNT,108,0,0.990740740740741
MRO,138,0,1
OSF,29,0,1
HKL,110,0,0.990909090909091
NET,6,0,1
TWL,867,232,0.973471741637832
1978,124,232,0.82258064516129
1979,102,0,0.990196078431373
1980,271,0,1
1981,237,0,1
1982,249,0,0.995983935742972
Q1,162,232,0.981481481481482
Q2,289,0,1
Q3,340,0,1
Q4,192,0,0.890625
