"marginalQLBK","n","landing","coverage"
"BDG",9,0,1
"BRG",326,232,0.883435582822086
"CRS",50,0,0.98
"ERK",323,0,1
"MNT",108,0,0.981481481481482
"MRO",138,0,0.905797101449275
"OSF",29,0,1
"HKL",110,0,0.863636363636364
"NET",6,0,1
"TWL",867,232,0.955017301038062
"1978",124,232,0.82258064516129
"1979",102,0,0.833333333333333
"1980",271,0,1
"1981",237,0,1
"1982",249,0,0.939759036144578
"Q1",162,232,0.901234567901235
"Q2",289,0,1
"Q3",340,0,0.997058823529412
"Q4",192,0,0.807291666666667
