margREX,n,landing,coverage
BDG,9,0,1
BRG,326,0,0.978527607361963
CRS,50,0,1
ERK,323,0,1
MNT,108,0,1
MRO,138,0,1
OSF,29,3731,0.96551724137931
HKL,110,0,1
NET,6,0,1
TWL,867,3731,0.990772779700115
1978,124,0,1
1979,102,0,0.931372549019608
1980,271,0,1
1981,237,0,1
1982,249,3731,0.995983935742972
Q1,162,0,0.95679012345679
Q2,289,3731,0.996539792387543
Q3,340,0,1
Q4,192,0,1
