"marginalLSPN","n","landing","coverage"
"BDG",9,0,1
"BRG",326,432,0.993865030674847
"CRS",50,0,1
"ERK",323,0,0.953560371517028
"MNT",108,0,0.990740740740741
"MRO",138,0,0.927536231884058
"OSF",29,0,0.96551724137931
"HKL",110,0,1
"NET",6,0,1
"TWL",867,432,0.966551326412918
"1978",124,163,0.870967741935484
"1979",102,0,0.990196078431373
"1980",271,269,0.955719557195572
"1981",237,0,1
"1982",249,0,1
"Q1",162,0,1
"Q2",289,0,0.965397923875433
"Q3",340,269,0.95
"Q4",192,163,0.989583333333333
