margYMTH,n,landing,coverage
BDG,9,0,1
BRG,326,1535,0.94478527607362
CRS,50,0,1
ERK,323,0,0.897832817337461
MNT,108,0,0.962962962962963
MRO,138,0,1
OSF,29,0,0.827586206896552
HKL,110,0,1
NET,6,0,1
TWL,867,1535,0.930795847750865
1978,124,0,0.983870967741935
1979,102,1535,0.833333333333333
1980,271,0,0.952029520295203
1981,237,0,0.881856540084388
1982,249,0,1
Q1,162,0,0.895061728395062
Q2,289,0,0.937716262975779
Q3,340,0,0.985294117647059
Q4,192,1535,0.895833333333333
