margSHRP,n,landing,coverage
BDG,31,0,1
BRG,420,3698,0.995238095238095
CRS,73,0,1
ERK,533,23430,0.979362101313321
MNT,249,536,0.991967871485944
MRO,201,0,1
OSF,65,3041,0.984615384615385
HKL,128,0,1
NET,24,0,1
TWL,1420,30705,0.988732394366197
1978,124,0,1
1979,102,3698,0.980392156862745
1980,271,0,1
1981,237,0,1
1982,249,0,1
1983,312,22908,0.96474358974359
1984,277,4099,0.989169675090253
Q1,277,493,0.996389891696751
Q2,441,9977,0.984126984126984
Q3,534,14635,0.98876404494382
Q4,320,5600,0.99375
