margYMTH,n,landing,coverage
BDG,9,0,1
BRG,326,1535,0.96319018404908
CRS,50,0,1
ERK,323,0,0.91640866873065
MNT,108,0,0.898148148148148
MRO,138,0,0.920289855072464
OSF,29,0,0.931034482758621
HKL,110,0,0.909090909090909
NET,6,0,0.833333333333333
TWL,867,1535,0.94002306805075
1978,124,0,1
1979,102,1535,0.882352941176471
1980,271,0,1
1981,237,0,0.957805907172996
1982,249,0,0.835341365461847
Q1,162,0,1
Q2,289,0,0.837370242214533
Q3,340,0,0.988235294117647
Q4,192,1535,0.9375
