mlik,waic,dic,time
-9.363127359354413101755e+02, 6.242122758388844658839e+02, 4.844039587973472862359e+02, 7.096951866149902343750e+01
