margEGLS,n,landing,coverage
BDG,9,0,1
BRG,326,0,0.914110429447853
CRS,50,0,0.98
ERK,323,0,1
MNT,108,1398,0.990740740740741
MRO,138,0,0.833333333333333
OSF,29,0,1
HKL,110,0,0.836363636363636
NET,6,0,1
TWL,867,1398,0.959630911188005
1978,124,0,0.830645161290323
1979,102,0,0.823529411764706
1980,271,1398,0.974169741697417
1981,237,0,0.974683544303797
1982,249,0,0.995983935742972
Q1,162,0,0.888888888888889
Q2,289,0,1
Q3,340,1398,0.976470588235294
Q4,192,0,0.859375
