margGSRK,n,landing,coverage
BDG,4,0,1
BRG,6,22139,0.333333333333333
MNT,95,2153,0.968421052631579
MRO,77,14672,0.922077922077922
OSF,63,10207,0.904761904761905
HKL,1,0,1
NET,8,0,1
TWL,236,49171,0.919491525423729
1978,57,1646,0.929824561403509
1980,61,44261,0.836065573770492
1981,42,580,0.976190476190476
1982,50,2509,0.96
1983,18,0,1
1984,6,0,1
1985,11,175,0.818181818181818
Q1,55,3174,0.909090909090909
Q2,86,23398,0.872093023255814
Q3,59,22599,0.949152542372881
Q4,45,0,1
