margSPKL,n,landing,coverage
BDG,1,0,1
BRG,6,0,1
MNT,92,945,0.967391304347826
MRO,66,30039,0.96969696969697
OSF,63,0,1
HKL,1,0,1
NET,8,904,0.75
TWL,219,30080,0.986301369863014
1978,57,945,0.947368421052632
1980,61,0,1
1981,42,30039,0.952380952380952
1982,50,0,1
1983,18,0,1
Q1,45,9729,0.955555555555556
Q2,79,415,0.987341772151899
Q3,59,20840,0.966101694915254
Q4,45,0,1
