margGSPT,n,landing,coverage
BRG,6,12101,0.5
MNT,88,3696,0.977272727272727
MRO,64,34600,0.9375
OSF,52,15814,0.884615384615385
HKL,1,0,0
NET,8,0,1
TWL,201,66211,0.930348258706468
1978,57,6413,0.912280701754386
1980,61,20705,0.901639344262295
1981,42,37392,0.928571428571429
1982,50,1701,0.98
Q1,43,2118,0.906976744186046
Q2,73,20705,0.931506849315068
Q3,54,31249,0.944444444444444
Q4,40,12139,0.925
