mlik,waic,dic,time
-3.577147868267518788343e+03, 6.833867936275541978830e+03, 6.828160838741968291288e+03, 2.425454838275909423828e+02
