species,mad
BLGL,4.05364099945374e-05
SNOS,4.14813967650104e-05
DBRK,4.29485985890007e-05
BANK,6.01963849304481e-05
BCAC,6.28015648560418e-05
CLPR,6.8181385286857e-05
YTRK,6.88580354397213e-05
CWCD,6.89604245451652e-05
CNRY,7.24889521192541e-05
WDOW,7.65381164461344e-05
