margGSPT,n,landing,coverage
BDG,4,0,1
BRG,6,12101,0.5
MNT,95,3696,1
MRO,77,34600,0.961038961038961
OSF,63,15814,0.952380952380952
HKL,1,0,1
NET,8,0,1
TWL,236,66211,0.961864406779661
1978,57,6413,0.982456140350877
1980,61,20705,0.918032786885246
1981,42,37392,0.928571428571429
1982,50,1701,1
1983,18,0,1
1984,6,0,1
1985,11,0,1
Q1,55,2118,1
Q2,86,20705,0.941860465116279
Q3,59,31249,0.966101694915254
Q4,45,12139,0.955555555555556
