"marginalSHRP","n","landing","coverage"
"BDG",9,0,1
"BRG",326,3698,0.840490797546012
"CRS",50,0,1
"ERK",323,0,0.953560371517028
"MNT",108,0,1
"MRO",138,0,1
"OSF",29,0,1
"HKL",110,0,1
"NET",6,0,1
"TWL",867,3698,0.922722029988466
"1978",124,0,0.879032258064516
"1979",102,3698,0.911764705882353
"1980",271,0,0.841328413284133
"1981",237,0,1
"1982",249,0,1
"Q1",162,0,0.95679012345679
"Q2",289,0,1
"Q3",340,1139,0.826470588235294
"Q4",192,2559,0.994791666666667
