margBLUR,n,landing,coverage
BRG,6,0,1
MNT,88,0,0.954545454545455
MRO,64,0,1
OSF,52,0,0.980769230769231
HKL,1,0,1
NET,8,0,0.5
TWL,201,0,0.995024875621891
1978,57,0,0.929824561403509
1980,61,0,1
1981,42,0,0.976190476190476
1982,50,0,1
Q1,43,0,1
Q2,73,0,0.945205479452055
Q3,54,0,1
Q4,40,0,0.975
