margSPKL,n,landing,coverage
BDG,4,0,1
BRG,6,0,1
MNT,95,945,0.968421052631579
MRO,77,30039,0.974025974025974
OSF,63,0,1
HKL,1,0,1
NET,8,904,0.75
TWL,236,30080,0.98728813559322
1978,57,945,0.947368421052632
1980,61,0,1
1981,42,30039,0.952380952380952
1982,50,0,1
1983,18,0,1
1984,6,0,1
1985,11,0,1
Q1,55,9729,0.963636363636364
Q2,86,415,0.988372093023256
Q3,59,20840,0.966101694915254
Q4,45,0,1
