"marginalCLPR","n","landing","coverage"
"BRG",6,317971,0.5
"MNT",88,2036206,0.659090909090909
"MRO",64,1562999,0.734375
"OSF",52,2265596,0.711538461538462
"HKL",1,0,1
"NET",8,0,1
"TWL",201,6182772,0.676616915422886
"1978",57,856923,0.789473684210526
"1980",61,2760555,0.639344262295082
"1981",42,1498391,0.666666666666667
"1982",50,1066903,0.66
"Q1",43,1297371,0.697674418604651
"Q2",73,1890665,0.657534246575342
"Q3",54,1617800,0.759259259259259
"Q4",40,1376936,0.65
