margLCOD,n,landing,coverage
BRG,6,0,1
MNT,88,31899,0.965909090909091
MRO,64,90630,0.9375
OSF,52,0,1
HKL,1,0,1
NET,8,5650,0.875
TWL,201,116879,0.970149253731343
1978,57,31899,0.947368421052632
1980,61,90630,0.934426229508197
1981,42,0,1
1982,50,0,1
Q1,43,2380,1
Q2,73,23340,0.958904109589041
Q3,54,86131,0.925925925925926
Q4,40,10678,1
