margLSPN,n,landing,coverage
BDG,9,0,1
BRG,326,432,0.993865030674847
CRS,50,0,0.98
ERK,323,0,1
MNT,108,0,0.861111111111111
MRO,138,0,0.956521739130435
OSF,29,0,1
HKL,110,0,0.936363636363636
NET,6,0,1
TWL,867,432,0.980392156862745
1978,124,163,0.975806451612903
1979,102,0,1
1980,271,269,0.974169741697417
1981,237,0,0.945147679324895
1982,249,0,0.995983935742972
Q1,162,0,0.882716049382716
Q2,289,0,0.993079584775087
Q3,340,269,0.997058823529412
Q4,192,163,0.989583333333333
