margLCOD,n,landing,coverage
BDG,4,0,1
BRG,6,0,1
MNT,95,31960,0.968421052631579
MRO,66,90630,0.939393939393939
OSF,63,0,1
HKL,1,0,1
NET,8,5650,0.875
TWL,225,116940,0.973333333333333
1978,57,31899,0.947368421052632
1980,61,90630,0.934426229508197
1981,42,0,1
1982,50,0,1
1983,18,0,1
1984,6,61,1
Q1,51,2441,1
Q2,79,23340,0.974683544303797
Q3,59,86131,0.932203389830508
Q4,45,10678,0.977777777777778
