margYMTH,n,landing,coverage
BDG,9,0,1
BRG,326,1535,0.877300613496933
CRS,50,0,0.64
ERK,323,0,0.996904024767802
MNT,108,0,0.787037037037037
MRO,138,0,0.942028985507246
OSF,29,0,1
HKL,110,0,0.918181818181818
NET,6,0,1
TWL,867,1535,0.906574394463668
1978,124,0,0.75
1979,102,1535,0.990196078431373
1980,271,0,0.929889298892989
1981,237,0,0.924050632911392
1982,249,0,0.91566265060241
Q1,162,0,0.969135802469136
Q2,289,0,0.920415224913495
Q3,340,0,0.870588235294118
Q4,192,1535,0.90625
