mlik,waic,dic,time
-3.877479914061641466105e+03, 7.485779414727427138132e+03, 7.480404110348307767708e+03, 8.947424840927124023438e+01
