species,mad
CLPR,0.000145048426346275
BANK,0.000160769597670634
BCAC,0.000162861562731711
SNOS,0.000165158992766087
WDOW,0.000167261174977775
CNRY,0.000172637369517114
BLGL,0.000175962947475388
YTRK,0.000185133009809415
CWCD,0.000214340756095953
DBRK,0.00027150728299142
