mlik,waic,dic,time
-3.643507649175900496630e+03, 6.928231133058035084105e+03, 6.922972116629782249220e+03, 1.442022380828857421875e+02
