species,mad
CLPR,0.000146842451851554
BCAC,0.000176674923253437
WDOW,0.000182106778650199
CNRY,0.000202099154745897
BANK,0.000205934377524627
SNOS,0.000211381598161702
BLGL,0.000219931165919057
YTRK,0.000226864041829816
CWCD,0.000264847638409692
DBRK,0.000393053300202444
