margWDOW,n,landing,coverage
BRG,6,1243,1
MNT,88,209217,0.965909090909091
MRO,64,375279,0.9375
OSF,52,373745,0.961538461538462
HKL,1,0,1
NET,8,19058,0.875
TWL,201,940426,0.960199004975124
1978,57,141361,0.947368421052632
1980,61,497415,0.950819672131147
1981,42,285587,0.928571428571429
1982,50,35121,1
Q1,43,267685,0.976744186046512
Q2,73,114674,0.972602739726027
Q3,54,341514,0.944444444444444
Q4,40,235611,0.925
