margREYE,n,landing,coverage
BDG,9,0,1
BRG,326,0,0.960122699386503
CRS,50,0,1
ERK,323,0,1
MNT,108,0,0.990740740740741
MRO,138,0,0.949275362318841
OSF,29,0,1
HKL,110,0,0.936363636363636
NET,6,0,1
TWL,867,0,0.983852364475202
1978,124,0,0.991935483870968
1979,102,0,0.941176470588235
1980,271,0,0.996309963099631
1981,237,0,0.9957805907173
1982,249,0,0.951807228915663
Q1,162,0,0.993827160493827
Q2,289,0,0.958477508650519
Q3,340,0,0.997058823529412
Q4,192,0,0.963541666666667
