margPNKR,n,landing,coverage
BDG,56,0,1
BRG,457,0,1
CRS,82,0,1
ERK,594,0,1
MNT,344,0,1
MRO,266,2652,0.962406015037594
OSF,104,2172,0.990384615384615
HKL,138,0,1
NET,47,0,1
TWL,1718,4824,0.993597206053551
1978,124,0,1
1979,102,0,1
1980,271,0,1
1981,237,0,1
1982,249,0,1
1983,312,0,1
1984,277,0,1
1985,331,4824,0.966767371601209
Q1,339,2454,0.994100294985251
Q2,531,1517,0.994350282485876
Q3,645,853,0.990697674418605
Q4,388,0,1
