mlik,waic,dic,time
-1.802606516832115084981e+04, 3.562771543926592130447e+04, 3.562422993697105266619e+04, 8.526006159782409667969e+02
