mlik,waic,dic,time
-1.804764591722779368865e+04, 3.563025903082040167646e+04, 3.562619277812827203888e+04, 2.319651863813400268555e+03
