margSPKL,n,landing,coverage
BRG,6,0,1
MNT,88,945,0.965909090909091
MRO,64,30039,0.96875
OSF,52,0,1
HKL,1,0,1
NET,8,904,0.75
TWL,201,30080,0.985074626865672
1978,57,945,0.947368421052632
1980,61,0,1
1981,42,30039,0.952380952380952
1982,50,0,1
Q1,43,9729,0.953488372093023
Q2,73,415,0.986301369863014
Q3,54,20840,0.962962962962963
Q4,40,0,1
