mlik,waic,dic,mse
-9.514019404e+04, 1.412711069e+05, 1.413189584e+05,             NaN
