"marginalROSY","n","landing","coverage"
"BDG",9,0,1
"BRG",326,0,0.914110429447853
"CRS",50,0,1
"ERK",323,0,1
"MNT",108,0,1
"MRO",138,321,0.971014492753623
"OSF",29,0,1
"HKL",110,321,0.963636363636364
"NET",6,0,1
"TWL",867,0,0.967704728950404
"1978",124,0,0.774193548387097
"1979",102,0,1
"1980",271,60,0.996309963099631
"1981",237,136,0.991561181434599
"1982",249,125,0.995983935742972
"Q1",162,125,0.993827160493827
"Q2",289,0,1
"Q3",340,60,0.914705882352941
"Q4",192,136,0.989583333333333
