margGRAS,n,landing,coverage
BDG,9,0,1
BRG,326,0,0.96319018404908
CRS,50,0,0.94
ERK,323,1251,0.990712074303406
MNT,108,0,0.990740740740741
MRO,138,0,0.963768115942029
OSF,29,0,1
HKL,110,0,0.945454545454545
NET,6,0,1
TWL,867,1251,0.97923875432526
1978,124,0,1
1979,102,0,0.980392156862745
1980,271,0,0.985239852398524
1981,237,0,0.978902953586498
1982,249,1251,0.947791164658635
Q1,162,0,0.95679012345679
Q2,289,1251,0.955017301038062
Q3,340,0,0.997058823529412
Q4,192,0,0.984375
