mlik,waic,dic,time
-4.961350526617884315783e+04, 9.860866436417186923791e+04, 9.860642171005695126951e+04, 7.950806894302368164062e+02
