mlik,waic,dic,time
-1.071612270385466899825e+03, 6.933394349882156575404e+02, 6.604457567791740757457e+02, 1.791321330070495605469e+02
