species,mad
YTRK,0.00112606374449398
CLPR,0.00117816076897346
CNRY,0.00118281694081927
SPKL,0.00123071221635709
BCAC,0.0013334838740291
POP,0.00155631584252472
BLCK,0.00175745335877753
GSRK,0.0020933283067016
DBRK,0.00216788446453346
WDOW,0.00248933241908185
