margBANK,n,landing,coverage
BDG,52,0,1
BRG,51,0,1
CRS,22,0,1
ERK,165,0,1
MNT,21,0,1
MRO,6,48,0.833333333333333
OSF,29,3827,0.96551724137931
NET,9,0,1
TWL,337,3875,0.99406528189911
1981,37,0,1
1982,92,0,1
1983,73,3827,0.986301369863014
1984,69,48,0.985507246376812
1985,75,0,1
Q1,108,0,1
Q2,79,48,0.987341772151899
Q3,90,0,1
Q4,69,3827,0.985507246376812
