margMXRF,n,landing,coverage
BDG,9,0,1
BRG,326,15828,0.993865030674847
CRS,50,0,0.98
ERK,323,0,1
MNT,108,0,1
MRO,138,0,1
OSF,29,0,0.862068965517241
HKL,110,0,0.990909090909091
NET,6,0,1
TWL,867,15828,0.993079584775087
1978,124,0,1
1979,102,0,1
1980,271,15828,0.992619926199262
1981,237,0,1
1982,249,0,0.979919678714859
Q1,162,0,0.975308641975309
Q2,289,6676,0.996539792387543
Q3,340,9152,0.994117647058824
Q4,192,0,1
