margURCK,n,landing,coverage
BDG,56,0,1
BRG,457,471,0.989059080962801
CRS,82,44,0.98780487804878
ERK,594,1467,0.974747474747475
MNT,344,256,0.994186046511628
MRO,266,0,1
OSF,104,0,1
HKL,138,0,1
NET,47,0,1
TWL,1718,2238,0.986612339930151
1978,124,0,1
1979,102,0,1
1980,271,44,0.996309963099631
1981,237,0,1
1982,249,0,1
1983,312,1924,0.94551282051282
1984,277,0,1
1985,331,270,0.984894259818731
Q1,339,0,1
Q2,531,1173,0.977401129943503
Q3,645,1005,0.986046511627907
Q4,388,60,0.994845360824742
