mlik,waic,dic,time
-1.899388843177467788337e+04, 3.722010056081380025716e+04, 3.722640900018861429999e+04, 1.443258947610855102539e+03
