species,mad
BCAC,3.9110171060471e-05
WDOW,3.94209685768815e-05
CLPR,4.05915138003983e-05
CNRY,4.25097175280603e-05
DBRK,4.38512444549198e-05
POP,4.59163918501455e-05
SNOS,4.62990571586679e-05
YTRK,4.80493265211825e-05
BANK,5.02316756625188e-05
CWCD,5.25549811775332e-05
BLGL,5.42924698616135e-05
MXRF,9.13463909722265e-05
BRNZ,9.88957576588853e-05
