margSTAR,n,landing,coverage
BDG,31,0,1
BRG,420,0,0.952380952380952
CRS,73,0,1
ERK,533,0,1
MNT,249,0,1
MRO,201,2890,0.955223880597015
OSF,65,0,1
HKL,128,2559,0.9375
NET,24,0,1
TWL,1420,331,0.985211267605634
1978,124,0,1
1979,102,112,0.990196078431373
1980,271,331,0.996309963099631
1981,237,1766,0.894514767932489
1982,249,681,0.991967871485944
1983,312,0,1
1984,277,0,1
Q1,277,681,0.992779783393502
Q2,441,147,0.952380952380952
Q3,534,599,0.99625468164794
Q4,320,1463,0.9875
