margFLAG,n,landing,coverage
BDG,9,0,1
BRG,326,0,0.938650306748466
CRS,50,1522,0.84
ERK,323,293,0.996904024767802
MNT,108,0,0.990740740740741
MRO,138,2013,0.840579710144927
OSF,29,0,1
HKL,110,1682,0.9
NET,6,0,1
TWL,867,2146,0.952710495963091
1978,124,0,0.991935483870968
1979,102,0,1
1980,271,331,0.944649446494465
1981,237,1742,0.89873417721519
1982,249,1755,0.951807228915663
Q1,162,526,0.981481481481482
Q2,289,1522,0.878892733564014
Q3,340,599,0.964705882352941
Q4,192,1181,0.989583333333333
