margFLAG,n,landing,coverage
BDG,9,0,1
BRG,326,0,1
CRS,50,1522,0.98
ERK,323,293,0.996904024767802
MNT,108,0,1
MRO,138,2013,0.963768115942029
OSF,29,0,1
HKL,110,1682,0.963636363636364
NET,6,0,1
TWL,867,2146,0.996539792387543
1978,124,0,1
1979,102,0,1
1980,271,331,0.996309963099631
1981,237,1742,0.983122362869198
1982,249,1755,0.991967871485944
Q1,162,526,0.987654320987654
Q2,289,1522,0.996539792387543
Q3,340,599,0.994117647058824
Q4,192,1181,0.989583333333333
