margURCK,n,landing,coverage
BDG,9,0,0.555555555555556
BRG,326,0,0.871165644171779
CRS,50,44,0.88
ERK,323,0,0.777089783281734
MNT,108,0,0.990740740740741
MRO,138,0,1
OSF,29,0,0.96551724137931
HKL,110,0,1
NET,6,0,1
TWL,867,44,0.854671280276817
1978,124,0,0.451612903225806
1979,102,0,0.843137254901961
1980,271,44,0.996309963099631
1981,237,0,0.864978902953586
1982,249,0,0.963855421686747
Q1,162,0,0.993827160493827
Q2,289,0,0.833910034602076
Q3,340,44,0.785294117647059
Q4,192,0,0.979166666666667
