margBLUR,n,landing,coverage
BRG,6,0,1
MNT,88,0,0.818181818181818
MRO,64,0,1
OSF,52,0,0.980769230769231
HKL,1,0,1
NET,8,0,0.5
TWL,201,0,0.935323383084577
1978,57,0,0.719298245614035
1980,61,0,1
1981,42,0,0.976190476190476
1982,50,0,1
Q1,43,0,1
Q2,73,0,0.931506849315068
Q3,54,0,0.796296296296296
Q4,40,0,0.975
