margLCOD,n,landing,coverage
BRG,6,0,1
MNT,88,31899,0.977272727272727
MRO,64,90630,0.9375
OSF,52,0,1
HKL,1,0,1
NET,8,5650,0.875
TWL,201,116879,0.975124378109453
1978,57,31899,0.964912280701754
1980,61,90630,0.934426229508197
1981,42,0,1
1982,50,0,1
Q1,43,2380,1
Q2,73,23340,0.972602739726027
Q3,54,86131,0.944444444444444
Q4,40,10678,0.975
