margMXRF,n,landing,coverage
BDG,9,0,1
BRG,326,15828,0.993865030674847
CRS,50,0,0.98
ERK,323,0,0.969040247678019
MNT,108,0,1
MRO,138,0,0.956521739130435
OSF,29,0,1
HKL,110,0,1
NET,6,0,1
TWL,867,15828,0.978085351787774
1978,124,0,0.991935483870968
1979,102,0,1
1980,271,15828,0.992619926199262
1981,237,0,0.974683544303797
1982,249,0,0.959839357429719
Q1,162,0,0.932098765432099
Q2,289,6676,0.996539792387543
Q3,340,9152,0.979411764705882
Q4,192,0,1
