margBRNZ,n,landing,coverage
BDG,12,0,1
BRG,401,0,1
CRS,60,0,1
ERK,459,0,1
MNT,163,0,1
MRO,164,766,0.99390243902439
OSF,36,0,1
HKL,124,766,0.991935483870968
NET,14,0,1
TWL,1157,0,1
1978,124,0,1
1979,102,766,0.990196078431373
1980,271,0,1
1981,237,0,1
1982,249,0,1
1983,312,0,1
Q1,228,0,1
Q2,390,0,1
Q3,437,766,0.997711670480549
Q4,240,0,1
