margSABL,n,landing,coverage
BDG,1,0,1
BRG,6,0,1
MNT,92,4753,0.967391304347826
MRO,66,0,1
OSF,63,0,1
HKL,1,0,1
NET,8,0,1
TWL,219,4753,0.986301369863014
1978,57,4753,0.947368421052632
1980,61,0,1
1981,42,0,1
1982,50,0,1
1983,18,0,1
Q1,45,4753,0.933333333333333
Q2,79,0,1
Q3,59,0,1
Q4,45,0,1
