mlik,waic,dic,time
-1.165860364359596587747e+03, 2.015965467790980483187e+03, 1.900664722645923575328e+03, 1.924983596801757812500e+02
