"marginalREYE","n","landing","coverage"
"BDG",9,0,1
"BRG",326,0,0.993865030674847
"CRS",50,0,1
"ERK",323,0,1
"MNT",108,0,0.907407407407407
"MRO",138,0,0.876811594202899
"OSF",29,0,0.96551724137931
"HKL",110,0,0.9
"NET",6,0,1
"TWL",867,0,0.978085351787774
"1978",124,0,0.991935483870968
"1979",102,0,0.882352941176471
"1980",271,0,1
"1981",237,0,0.945147679324895
"1982",249,0,0.983935742971888
"Q1",162,0,0.95679012345679
"Q2",289,0,0.923875432525952
"Q3",340,0,1
"Q4",192,0,0.994791666666667
