"marginalSLGR","n","landing","coverage"
"BDG",9,0,1
"BRG",326,0,0.858895705521472
"CRS",50,0,1
"ERK",323,1894,0.996904024767802
"MNT",108,0,0.990740740740741
"MRO",138,0,1
"OSF",29,0,1
"HKL",110,0,0.990909090909091
"NET",6,0,1
"TWL",867,1894,0.945790080738178
"1978",124,0,0.75
"1979",102,1894,0.980392156862745
"1980",271,0,1
"1981",237,0,0.936708860759494
"1982",249,0,1
"Q1",162,1894,0.882716049382716
"Q2",289,0,0.951557093425606
"Q3",340,0,1
"Q4",192,0,0.921875
