margBANK,n,landing,coverage
BDG,4,97108,1
BRG,6,0,1
MNT,95,1044209,0.873684210526316
MRO,66,444659,0.924242424242424
OSF,63,65492,0.968253968253968
HKL,1,0,1
NET,8,0,1
TWL,225,1651468,0.915555555555556
1978,57,385011,0.929824561403509
1980,61,5164,1
1981,42,670022,0.880952380952381
1982,50,452819,0.86
1983,18,29264,0.888888888888889
1984,6,109188,0.833333333333333
Q1,51,179480,0.96078431372549
Q2,79,381459,0.911392405063291
Q3,59,523624,0.915254237288136
Q4,45,566905,0.888888888888889
