mlik,waic,dic,time
-1.960129727017226468888e+04, 3.871994228075310093118e+04, 3.871648988728306721896e+04, 1.315131645679473876953e+03
