mlik,waic,dic,time
-1.958146910312904583407e+04, 3.872649245873478503199e+04, 3.872391121205452509457e+04, 5.824548454284667968750e+02
