species,mad
DBRK,4.38420756869242e-05
BCAC,4.39376874346609e-05
WDOW,4.42554273539676e-05
POP,4.59163918501455e-05
CLPR,4.59376305609569e-05
SNOS,4.62990571586679e-05
CNRY,4.70577760981048e-05
YTRK,4.80493265211825e-05
BANK,5.04011561638526e-05
CWCD,5.25549811775332e-05
BLGL,5.42924698616135e-05
MXRF,9.67113836786487e-05
BRNZ,0.000101676492310834
