margURCK,n,landing,coverage
BDG,9,0,1
BRG,326,0,1
CRS,50,44,0.92
ERK,323,0,1
MNT,108,0,1
MRO,138,0,1
OSF,29,0,1
HKL,110,0,1
NET,6,0,1
TWL,867,44,0.995386389850058
1978,124,0,1
1979,102,0,1
1980,271,44,0.996309963099631
1981,237,0,1
1982,249,0,0.987951807228916
Q1,162,0,0.981481481481482
Q2,289,0,1
Q3,340,44,0.997058823529412
Q4,192,0,1
