margLSPN,n,landing,coverage
BDG,9,0,1
BRG,326,432,0.932515337423313
CRS,50,0,1
ERK,323,0,1
MNT,108,0,0.925925925925926
MRO,138,0,0.956521739130435
OSF,29,0,1
HKL,110,0,1
NET,6,0,0.833333333333333
TWL,867,432,0.959630911188005
1978,124,163,0.830645161290323
1979,102,0,0.990196078431373
1980,271,269,0.996309963099631
1981,237,0,0.974683544303797
1982,249,0,0.971887550200803
Q1,162,0,0.993827160493827
Q2,289,0,1
Q3,340,269,0.958823529411765
Q4,192,163,0.890625
