mlik,waic,dic,time
-2.763915440033608319936e+04, 4.514143900975361611927e+04, 4.516547123455802648095e+04, 7.052742886543273925781e+02
