species,mad
CNRY,4.43923674375753e-05
YTRK,4.80485092340186e-05
DBRK,4.85115539267163e-05
WDOW,5.27224247216962e-05
CLPR,5.92766438309613e-05
BRNZ,6.82931080449733e-05
MXRF,6.86861943267569e-05
BCAC,6.88053292718393e-05
SNOS,7.42132199856539e-05
CWCD,7.48806178869785e-05
POP,7.70653790481309e-05
BLGL,8.1839934805649e-05
BANK,9.31787667713289e-05
