"marginalCLPR","n","landing","coverage"
"BRG",6,317971,0.666666666666667
"MNT",88,2036206,0.681818181818182
"MRO",64,1562999,0.734375
"OSF",52,2265596,0.711538461538462
"HKL",1,0,1
"NET",8,0,1
"TWL",201,6182772,0.691542288557214
"1978",57,856923,0.736842105263158
"1980",61,2760555,0.672131147540984
"1981",42,1498391,0.69047619047619
"1982",50,1066903,0.72
"Q1",43,1297371,0.720930232558139
"Q2",73,1890665,0.698630136986301
"Q3",54,1617800,0.740740740740741
"Q4",40,1376936,0.65
