margURCK,n,landing,coverage
BDG,9,0,1
BRG,326,0,0.904907975460123
CRS,50,44,0.98
ERK,323,0,0.95046439628483
MNT,108,0,0.981481481481482
MRO,138,0,1
OSF,29,0,0.96551724137931
HKL,110,0,0.981818181818182
NET,6,0,1
TWL,867,44,0.943483275663206
1978,124,0,1
1979,102,0,0.823529411764706
1980,271,44,0.878228782287823
1981,237,0,1
1982,249,0,1
Q1,162,0,0.987654320987654
Q2,289,0,0.837370242214533
Q3,340,44,0.994117647058824
Q4,192,0,1
