margREYE,n,landing,coverage
BDG,9,0,1
BRG,326,0,0.95398773006135
CRS,50,0,0.98
ERK,323,0,0.993808049535604
MNT,108,0,0.907407407407407
MRO,138,0,0.992753623188406
OSF,29,0,1
HKL,110,0,0.990909090909091
NET,6,0,1
TWL,867,0,0.967704728950404
1978,124,0,0.983870967741935
1979,102,0,1
1980,271,0,0.992619926199262
1981,237,0,0.932489451476793
1982,249,0,0.963855421686747
Q1,162,0,0.987654320987654
Q2,289,0,0.965397923875433
Q3,340,0,0.997058823529412
Q4,192,0,0.916666666666667
