margGSRK,n,landing,coverage
BDG,1,0,1
BRG,6,22139,0.333333333333333
MNT,92,2153,0.967391304347826
MRO,66,14497,0.939393939393939
OSF,63,10207,0.904761904761905
HKL,1,0,1
NET,8,0,1
TWL,219,48996,0.922374429223744
1978,57,1646,0.929824561403509
1980,61,44261,0.836065573770492
1981,42,580,0.976190476190476
1982,50,2509,0.96
1983,18,0,1
Q1,45,3100,0.911111111111111
Q2,79,23297,0.873417721518987
Q3,59,22599,0.949152542372881
Q4,45,0,1
