margREX,n,landing,coverage
BDG,9,0,1
BRG,326,0,1
CRS,50,0,0.96
ERK,323,0,1
MNT,108,0,1
MRO,138,0,0.934782608695652
OSF,29,3731,0.96551724137931
HKL,110,0,1
NET,6,0,1
TWL,867,3731,0.986159169550173
1978,124,0,0.983870967741935
1979,102,0,1
1980,271,0,1
1981,237,0,0.974683544303797
1982,249,3731,0.983935742971888
Q1,162,0,0.993827160493827
Q2,289,3731,0.982698961937716
Q3,340,0,0.982352941176471
Q4,192,0,1
