species,mad
WDOW,4.2433107259906e-05
DBRK,4.38420756869242e-05
BCAC,4.41704132256823e-05
POP,4.59163918501455e-05
SNOS,4.62990571586679e-05
CNRY,4.64516194288474e-05
CLPR,4.65989767939568e-05
YTRK,4.80493265211825e-05
BANK,5.04011561638526e-05
CWCD,5.25549811775332e-05
BLGL,5.42924698616135e-05
MXRF,8.80712290732472e-05
BRNZ,8.93771193938541e-05
