margCNRY,n,landing,coverage
BRG,6,33886,0.333333333333333
MNT,88,692,1
MRO,64,72433,0.96875
OSF,52,89832,0.942307692307692
HKL,1,0,1
NET,8,692,1
TWL,201,196151,0.955223880597015
1978,57,19046,0.982456140350877
1980,61,83956,0.934426229508197
1981,42,63839,0.928571428571429
1982,50,30002,0.98
Q1,43,13366,0.953488372093023
Q2,73,95888,0.931506849315068
Q3,54,75858,0.981481481481482
Q4,40,11731,0.975
