mlik,waic,dic,time
-9.574446272077539106249e+02, 6.243349487512880386930e+02, 4.846947439168591245107e+02, 2.291512293815612792969e+02
