margSTRK,n,landing,coverage
BDG,1,0,1
BRG,6,25251,0.833333333333333
MNT,92,1850,0.858695652173913
MRO,66,1439,0.984848484848485
OSF,63,39177,0.904761904761905
HKL,1,0,1
NET,8,0,1
TWL,219,67717,0.904109589041096
1978,57,1241,0.789473684210526
1980,61,37899,0.934426229508197
1981,42,15416,0.976190476190476
1982,50,13161,0.92
1983,18,0,1
Q1,45,0,1
Q2,79,24370,0.936708860759494
Q3,59,26690,0.76271186440678
Q4,45,16657,0.955555555555556
