margSBLY,n,landing,coverage
BDG,31,6313,0.967741935483871
BRG,420,387,0.995238095238095
CRS,73,0,1
ERK,533,0,1
MNT,249,1101,0.987951807228916
MRO,201,0,1
OSF,65,0,1
HKL,128,0,1
NET,24,0,1
TWL,1420,7801,0.995774647887324
1978,124,387,0.983870967741935
1979,102,0,1
1980,271,0,1
1981,237,0,1
1982,249,7213,0.991967871485944
1983,312,73,0.996794871794872
1984,277,128,0.996389891696751
Q1,277,128,0.996389891696751
Q2,441,6661,0.993197278911565
Q3,534,112,0.99812734082397
Q4,320,900,0.996875
