margSWSP,n,landing,coverage
BDG,9,0,0.555555555555556
BRG,326,0,0.865030674846626
CRS,50,0,1
ERK,323,0,0.869969040247678
MNT,108,0,0.972222222222222
MRO,138,0,1
OSF,29,0,0.96551724137931
HKL,110,0,1
NET,6,0,0.5
TWL,867,0,0.895040369088812
1978,124,0,0.975806451612903
1979,102,0,1
1980,271,0,0.841328413284133
1981,237,0,0.9957805907173
1982,249,0,0.811244979919679
Q1,162,0,1
Q2,289,0,0.975778546712803
Q3,340,0,0.75
Q4,192,0,0.989583333333333
