margREYE,n,landing,coverage
BDG,9,0,1
BRG,326,0,0.803680981595092
CRS,50,0,0.94
ERK,323,0,0.941176470588235
MNT,108,0,0.981481481481482
MRO,138,0,0.942028985507246
OSF,29,0,1
HKL,110,0,0.9
NET,6,0,0.833333333333333
TWL,867,0,0.903114186851211
1978,124,0,0.967741935483871
1979,102,0,0.764705882352941
1980,271,0,0.841328413284133
1981,237,0,0.991561181434599
1982,249,0,0.907630522088353
Q1,162,0,0.987654320987654
Q2,289,0,0.896193771626298
Q3,340,0,0.814705882352941
Q4,192,0,0.994791666666667
