margFLAG,n,landing,coverage
BDG,9,0,1
BRG,326,0,0.825153374233129
CRS,50,1522,0.98
ERK,323,293,0.863777089783282
MNT,108,0,1
MRO,138,2013,0.891304347826087
OSF,29,0,1
HKL,110,1682,0.963636363636364
NET,6,0,1
TWL,867,2146,0.869665513264129
1978,124,0,0.766129032258065
1979,102,0,1
1980,271,331,0.959409594095941
1981,237,1742,0.89873417721519
1982,249,1755,0.78714859437751
Q1,162,526,0.987654320987654
Q2,289,1522,0.892733564013841
Q3,340,599,0.761764705882353
Q4,192,1181,0.984375
