margMXRF,n,landing,coverage
BDG,9,0,1
BRG,326,15828,0.950920245398773
CRS,50,0,1
ERK,323,0,0.987616099071207
MNT,108,0,0.842592592592593
MRO,138,0,1
OSF,29,0,1
HKL,110,0,1
NET,6,0,1
TWL,867,15828,0.957324106113033
1978,124,0,0.854838709677419
1979,102,0,1
1980,271,15828,0.992619926199262
1981,237,0,0.957805907172996
1982,249,0,0.971887550200803
Q1,162,0,0.975308641975309
Q2,289,6676,0.913494809688581
Q3,340,9152,0.976470588235294
Q4,192,0,1
