margSWSP,n,landing,coverage
BDG,9,0,1
BRG,326,0,0.996932515337423
CRS,50,0,1
ERK,323,0,0.959752321981424
MNT,108,0,0.925925925925926
MRO,138,0,0.934782608695652
OSF,29,0,0.862068965517241
HKL,110,0,0.936363636363636
NET,6,0,1
TWL,867,0,0.967704728950404
1978,124,0,1
1979,102,0,1
1980,271,0,0.937269372693727
1981,237,0,1
1982,249,0,0.927710843373494
Q1,162,0,0.925925925925926
Q2,289,0,1
Q3,340,0,1
Q4,192,0,0.880208333333333
