"marginalGRAS","n","landing","coverage"
"BDG",9,0,1
"BRG",326,0,1
"CRS",50,0,0.88
"ERK",323,1251,0.91640866873065
"MNT",108,0,1
"MRO",138,0,0.978260869565217
"OSF",29,0,1
"HKL",110,0,0.972727272727273
"NET",6,0,1
"TWL",867,1251,0.961937716262976
"1978",124,0,1
"1979",102,0,1
"1980",271,0,0.988929889298893
"1981",237,0,0.987341772151899
"1982",249,1251,0.879518072289157
"Q1",162,0,0.981481481481482
"Q2",289,1251,0.896193771626298
"Q3",340,0,1
"Q4",192,0,0.984375
