margCBZN,n,landing,coverage
BDG,9,0,1
BRG,326,0,1
CRS,50,0,0.7
ERK,323,0,0.882352941176471
MNT,108,0,0.861111111111111
MRO,138,125,0.978260869565217
OSF,29,0,0.931034482758621
HKL,110,125,0.990909090909091
NET,6,0,1
TWL,867,0,0.916955017301038
1978,124,0,1
1979,102,125,0.990196078431373
1980,271,0,0.885608856088561
1981,237,0,0.877637130801688
1982,249,0,0.951807228915663
Q1,162,0,0.932098765432099
Q2,289,125,0.996539792387543
Q3,340,0,0.826470588235294
Q4,192,0,0.989583333333333
