margQLBK,n,landing,coverage
BDG,9,0,1
BRG,326,232,0.996932515337423
CRS,50,0,0.82
ERK,323,0,1
MNT,108,0,0.916666666666667
MRO,138,0,1
OSF,29,0,0.862068965517241
HKL,110,0,1
NET,6,0,1
TWL,867,232,0.973471741637832
1978,124,232,0.991935483870968
1979,102,0,1
1980,271,0,0.966789667896679
1981,237,0,1
1982,249,0,0.947791164658635
Q1,162,232,0.969135802469136
Q2,289,0,0.937716262975779
Q3,340,0,1
Q4,192,0,1
