margURCK,n,landing,coverage
BDG,9,0,1
BRG,326,0,1
CRS,50,44,0.94
ERK,323,0,1
MNT,108,0,0.935185185185185
MRO,138,0,0.782608695652174
OSF,29,0,0.96551724137931
HKL,110,0,0.8
NET,6,0,1
TWL,867,44,0.978085351787774
1978,124,0,1
1979,102,0,0.990196078431373
1980,271,44,0.974169741697417
1981,237,0,0.915611814345992
1982,249,0,0.947791164658635
Q1,162,0,0.969135802469136
Q2,289,0,0.993079584775087
Q3,340,44,0.952941176470588
Q4,192,0,0.90625
