mlik,waic,dic,time
-1.898124638232002689620e+04, 1.452126993308629425883e+04,-1.950883644020169595024e+04, 3.909310719966888427734e+02
