margSHRP,n,landing,coverage
BDG,9,0,1
BRG,326,3698,0.932515337423313
CRS,50,0,1
ERK,323,0,1
MNT,108,0,0.990740740740741
MRO,138,0,0.949275362318841
OSF,29,0,1
HKL,110,0,0.936363636363636
NET,6,0,1
TWL,867,3698,0.973471741637832
1978,124,0,0.991935483870968
1979,102,3698,0.911764705882353
1980,271,0,1
1981,237,0,0.915611814345992
1982,249,0,1
Q1,162,0,1
Q2,289,0,0.930795847750865
Q3,340,1139,0.973529411764706
Q4,192,2559,0.994791666666667
