mlik,waic,dic,time
-4.404144953779085085444e+02, 6.932782676793982545860e+02, 6.604629677924535826605e+02, 4.431429910659790039062e+01
