margLSPN,n,landing,coverage
BDG,9,0,1
BRG,326,432,0.993865030674847
CRS,50,0,1
ERK,323,0,0.913312693498452
MNT,108,0,1
MRO,138,0,0.985507246376812
OSF,29,0,0.96551724137931
HKL,110,0,1
NET,6,0,1
TWL,867,432,0.961937716262976
1978,124,163,0.991935483870968
1979,102,0,1
1980,271,269,0.996309963099631
1981,237,0,0.869198312236287
1982,249,0,1
Q1,162,0,0.987654320987654
Q2,289,0,1
Q3,340,269,0.914705882352941
Q4,192,163,0.989583333333333
