mlik,waic,dic,time
-1.958492515779488894623e+04, 3.872446653700195747660e+04, 3.872093962533953890670e+04, 2.205161218643188476562e+02
