species,mad
DBRK,4.38420756869242e-05
WDOW,4.40038701439922e-05
POP,4.59163918501455e-05
BCAC,4.59280729409988e-05
CNRY,4.62201166014509e-05
SNOS,4.62990571586679e-05
CLPR,4.72697772472558e-05
YTRK,4.80493265211825e-05
BANK,5.04011561638526e-05
CWCD,5.25549811775332e-05
BLGL,5.42924698616135e-05
MXRF,8.69753264579271e-05
BRNZ,0.000102248629984009
