margREX,n,landing,coverage
BDG,9,0,1
BRG,326,0,0.993865030674847
CRS,50,0,1
ERK,323,0,0.987616099071207
MNT,108,0,1
MRO,138,0,0.934782608695652
OSF,29,3731,0.827586206896552
HKL,110,0,0.954545454545455
NET,6,0,1
TWL,867,3731,0.982698961937716
1978,124,0,1
1979,102,0,0.980392156862745
1980,271,0,1
1981,237,0,0.962025316455696
1982,249,3731,0.963855421686747
Q1,162,0,0.919753086419753
Q2,289,3731,0.98961937716263
Q3,340,0,1
Q4,192,0,0.979166666666667
