"marginalCBZN","n","landing","coverage"
"BDG",9,0,1
"BRG",326,0,1
"CRS",50,0,1
"ERK",323,0,1
"MNT",108,0,1
"MRO",138,125,0.992753623188406
"OSF",29,0,1
"HKL",110,125,0.990909090909091
"NET",6,0,1
"TWL",867,0,1
"1978",124,0,1
"1979",102,125,0.990196078431373
"1980",271,0,1
"1981",237,0,1
"1982",249,0,1
"Q1",162,0,1
"Q2",289,125,0.996539792387543
"Q3",340,0,1
"Q4",192,0,1
