margSWSP,n,landing,coverage
BDG,9,0,0
BRG,326,0,0.303680981595092
CRS,50,0,0.2
ERK,323,0,0.232198142414861
MNT,108,0,0.342592592592593
MRO,138,0,0.405797101449275
OSF,29,0,0.137931034482759
HKL,110,0,0.418181818181818
NET,6,0,0
TWL,867,0,0.271049596309112
1978,124,0,0.346774193548387
1979,102,0,0.362745098039216
1980,271,0,0.254612546125461
1981,237,0,0.0379746835443038
1982,249,0,0.493975903614458
Q1,162,0,0.302469135802469
Q2,289,0,0.273356401384083
Q3,340,0,0.238235294117647
Q4,192,0,0.375
