margSWSP,n,landing,coverage
BDG,9,0,1
BRG,326,0,0.898773006134969
CRS,50,0,0.82
ERK,323,0,0.913312693498452
MNT,108,0,1
MRO,138,0,0.978260869565217
OSF,29,0,0.827586206896552
HKL,110,0,1
NET,6,0,1
TWL,867,0,0.910034602076125
1978,124,0,0.830645161290323
1979,102,0,0.990196078431373
1980,271,0,0.966789667896679
1981,237,0,0.881856540084388
1982,249,0,0.923694779116466
Q1,162,0,0.962962962962963
Q2,289,0,0.968858131487889
Q3,340,0,0.908823529411765
Q4,192,0,0.833333333333333
