margOLVE,n,landing,coverage
BDG,9,0,1
BRG,326,0,1
CRS,50,0,1
ERK,323,0,1
MNT,108,7525,0.972222222222222
MRO,138,17817,0.891304347826087
OSF,29,0,1
HKL,110,24120,0.854545454545454
NET,6,0,0.833333333333333
TWL,867,1222,0.998846597462514
1978,124,0,1
1979,102,4165,0.892156862745098
1980,271,6674,0.992619926199262
1981,237,374,0.9957805907173
1982,249,14129,0.983935742971888
Q1,162,0,1
Q2,289,5016,0.958477508650519
Q3,340,19210,0.991176470588235
Q4,192,1116,0.984375
