margREX,n,landing,coverage
BDG,9,0,1
BRG,326,0,0.938650306748466
CRS,50,0,0.68
ERK,323,0,0.969040247678019
MNT,108,0,1
MRO,138,0,0.905797101449275
OSF,29,3731,0.827586206896552
HKL,110,0,0.872727272727273
NET,6,0,1
TWL,867,3731,0.942329873125721
1978,124,0,1
1979,102,0,0.901960784313726
1980,271,0,0.933579335793358
1981,237,0,0.911392405063291
1982,249,3731,0.939759036144578
Q1,162,0,0.888888888888889
Q2,289,3731,0.927335640138408
Q3,340,0,0.929411764705882
Q4,192,0,0.994791666666667
