margSHRP,n,landing,coverage
BDG,9,0,1
BRG,326,3698,0.993865030674847
CRS,50,0,1
ERK,323,0,1
MNT,108,0,0.990740740740741
MRO,138,0,0.985507246376812
OSF,29,0,0.96551724137931
HKL,110,0,0.990909090909091
NET,6,0,1
TWL,867,3698,0.994232987312572
1978,124,0,0.991935483870968
1979,102,3698,0.980392156862745
1980,271,0,1
1981,237,0,0.991561181434599
1982,249,0,0.995983935742972
Q1,162,0,0.993827160493827
Q2,289,0,0.993079584775087
Q3,340,1139,0.994117647058824
Q4,192,2559,0.994791666666667
