mlik,waic,dic,time
-5.207785459147115943779e+03, 8.319715842781195533462e+03, 8.332680506861091998871e+03, 8.372715640068054199219e+02
