species,mad
WDOW,0.000182106778650199
BANK,0.000205934377524627
SNOS,0.000223930892534809
BLGL,0.000232665645855365
CNRY,0.000234320376243089
YTRK,0.000248056444149589
CWCD,0.00027891615979476
CLPR,0.000293492204543784
DBRK,0.000304614789091093
BCAC,0.000331176538049056
