margCOPP,n,landing,coverage
BDG,9,0,1
BRG,326,0,0.914110429447853
CRS,50,0,0.98
ERK,323,6444,0.984520123839009
MNT,108,0,1
MRO,138,2014,0.992753623188406
OSF,29,15228,0.96551724137931
HKL,110,20839,0.963636363636364
NET,6,0,1
TWL,867,2847,0.963091118800461
1978,124,0,0.774193548387097
1979,102,0,1
1980,271,19234,0.985239852398524
1981,237,0,1
1982,249,4452,0.983935742971888
Q1,162,0,1
Q2,289,15228,0.996539792387543
Q3,340,7833,0.902941176470588
Q4,192,625,0.989583333333333
