margTIGR,n,landing,coverage
BDG,9,2766,0.777777777777778
BRG,326,0,0.748466257668712
CRS,50,0,0.7
ERK,323,0,1
MNT,108,0,1
MRO,138,0,0.963768115942029
OSF,29,0,1
HKL,110,0,0.963636363636364
NET,6,0,1
TWL,867,2766,0.884659746251442
1978,124,0,0.774193548387097
1979,102,0,0.784313725490196
1980,271,0,0.944649446494465
1981,237,2766,0.911392405063291
1982,249,0,0.927710843373494
Q1,162,0,0.950617283950617
Q2,289,0,0.889273356401384
Q3,340,0,0.864705882352941
Q4,192,2766,0.90625
