mlik,waic,dic,time
-8.023455546855878992574e+02, 1.440619959383791865548e+03, 1.424553810973832923992e+03, 4.746141600608825683594e+01
