margCBZN,n,landing,coverage
BDG,9,0,1
BRG,326,0,0.941717791411043
CRS,50,0,1
ERK,323,0,1
MNT,108,0,1
MRO,138,125,0.978260869565217
OSF,29,0,1
HKL,110,125,0.990909090909091
NET,6,0,1
TWL,867,0,0.975778546712803
1978,124,0,1
1979,102,125,0.823529411764706
1980,271,0,0.996309963099631
1981,237,0,1
1982,249,0,0.987951807228916
Q1,162,0,0.987654320987654
Q2,289,125,0.98961937716263
Q3,340,0,1
Q4,192,0,0.911458333333333
