margCNRY,n,landing,coverage
BDG,27,0,0.925925925925926
BRG,12,0,1
CRS,3,6334,0.666666666666667
ERK,55,761,0.709090909090909
MNT,11,0,1
MRO,1,0,1
OSF,20,0,1
TWL,129,7095,0.852713178294574
1981,37,0,1
1982,92,7095,0.793478260869565
Q1,33,761,0.96969696969697
Q2,13,0,1
Q3,37,6334,0.567567567567568
Q4,46,0,0.956521739130435
