"marginalSWSP","n","landing","coverage"
"BDG",9,0,1
"BRG",326,0,0.855828220858896
"CRS",50,0,1
"ERK",323,0,1
"MNT",108,0,0.916666666666667
"MRO",138,0,1
"OSF",29,0,1
"HKL",110,0,1
"NET",6,0,1
"TWL",867,0,0.935409457900807
"1978",124,0,0.774193548387097
"1979",102,0,1
"1980",271,0,1
"1981",237,0,0.928270042194093
"1982",249,0,0.955823293172691
"Q1",162,0,0.888888888888889
"Q2",289,0,0.968858131487889
"Q3",340,0,0.917647058823529
"Q4",192,0,0.994791666666667
